ts_event,rtype,publisher_id,instrument_id,open,high,low,close,volume,symbol
2025-03-20 21:00:00+00:00,32,2,10996,107.58,107.58,107.58,107.58,23,MU
2025-03-20 21:00:01+00:00,32,2,10996,107.57,107.57,107.57,107.57,20,MU
2025-03-20 21:00:08+00:00,32,2,10996,107.55,107.55,107.55,107.55,5,MU
2025-03-20 21:00:20+00:00,32,2,10996,107.55,107.55,107.55,107.55,1195,MU
2025-03-20 21:00:21+00:00,32,2,10996,107.5,107.5,107.49,107.5,4700,MU
2025-03-20 21:00:22+00:00,32,2,10996,107.45,107.45,107.4,107.4,1499,MU
2025-03-20 21:00:37+00:00,32,2,10996,107.41,107.41,107.41,107.41,25,MU
2025-03-20 21:00:40+00:00,32,2,10996,107.41,107.41,107.41,107.41,140,MU
2025-03-20 21:00:57+00:00,32,2,10996,107.41,107.41,107.41,107.41,280,MU
2025-03-20 21:00:58+00:00,32,2,10996,107.43,107.44,107.42,107.42,300,MU
2025-03-20 21:01:01+00:00,32,2,10996,107.42,107.42,107.42,107.42,4,MU
2025-03-20 21:01:02+00:00,32,2,10996,107.43,107.43,107.43,107.43,300,MU
2025-03-20 21:01:06+00:00,32,2,10996,107.47,107.47,107.47,107.47,200,MU
2025-03-20 21:01:08+00:00,32,2,10996,107.44,107.44,107.44,107.44,10,MU
2025-03-20 21:01:14+00:00,32,2,10996,107.47,107.47,107.47,107.47,20,MU
2025-03-20 21:01:16+00:00,32,2,10996,107.45,107.45,107.35,107.35,1293,MU
2025-03-20 21:01:17+00:00,32,2,10996,107.35,107.35,107.35,107.35,270,MU
2025-03-20 21:01:18+00:00,32,2,10996,107.35,107.35,107.35,107.35,300,MU
2025-03-20 21:01:19+00:00,32,2,10996,107.35,107.35,107.35,107.35,30,MU
2025-03-20 21:01:20+00:00,32,2,10996,107.35,107.35,107.35,107.35,43,MU
2025-03-20 21:01:21+00:00,32,2,10996,107.36,107.36,107.35,107.35,3755,MU
2025-03-20 21:01:27+00:00,32,2,10996,107.35,107.35,107.35,107.35,10,MU
2025-03-20 21:01:29+00:00,32,2,10996,107.35,107.35,107.35,107.35,5,MU
2025-03-20 21:01:30+00:00,32,2,10996,107.35,107.35,107.35,107.35,10,MU
2025-03-20 21:01:31+00:00,32,2,10996,107.35,107.35,107.35,107.35,187,MU
2025-03-20 21:01:32+00:00,32,2,10996,107.35,107.35,107.35,107.35,208,MU
2025-03-20 21:01:33+00:00,32,2,10996,107.35,107.35,107.35,107.35,10,MU
2025-03-20 21:01:35+00:00,32,2,10996,107.38,107.38,107.38,107.38,2,MU
2025-03-20 21:01:46+00:00,32,2,10996,107.36,107.36,107.36,107.36,466,MU
2025-03-20 21:01:47+00:00,32,2,10996,107.36,107.36,107.36,107.36,352,MU
2025-03-20 21:01:50+00:00,32,2,10996,107.36,107.36,107.36,107.36,500,MU
2025-03-20 21:01:52+00:00,32,2,10996,107.38,107.38,107.38,107.38,100,MU
2025-03-20 21:01:58+00:00,32,2,10996,107.35,107.39,107.35,107.35,567,MU
2025-03-20 21:02:00+00:00,32,2,10996,107.38,107.38,107.36,107.36,384,MU
2025-03-20 21:02:05+00:00,32,2,10996,107.41,107.47,107.41,107.47,711,MU
2025-03-20 21:02:12+00:00,32,2,10996,107.49,107.5,107.43,107.43,953,MU
2025-03-20 21:02:17+00:00,32,2,10996,107.5,107.5,107.44,107.44,1400,MU
2025-03-20 21:02:18+00:00,32,2,10996,107.5,107.5,107.5,107.5,83,MU
2025-03-20 21:02:19+00:00,32,2,10996,107.44,107.5,107.44,107.44,2209,MU
2025-03-20 21:02:21+00:00,32,2,10996,107.5,107.5,107.5,107.5,100,MU
2025-03-20 21:02:23+00:00,32,2,10996,107.5,107.5,107.5,107.5,67,MU
2025-03-20 21:02:26+00:00,32,2,10996,107.47,107.47,107.44,107.44,400,MU
2025-03-20 21:02:27+00:00,32,2,10996,107.44,107.44,107.44,107.44,700,MU
2025-03-20 21:02:30+00:00,32,2,10996,107.45,107.45,107.44,107.44,836,MU
2025-03-20 21:02:31+00:00,32,2,10996,107.44,107.44,107.44,107.44,1215,MU
2025-03-20 21:02:40+00:00,32,2,10996,107.46,107.46,107.46,107.46,50,MU
2025-03-20 21:02:44+00:00,32,2,10996,107.46,107.46,107.4,107.4,8073,MU
2025-03-20 21:02:52+00:00,32,2,10996,107.41,107.41,107.4,107.4,200,MU
2025-03-20 21:03:01+00:00,32,2,10996,107.43,107.46,107.43,107.46,1237,MU
2025-03-20 21:03:02+00:00,32,2,10996,107.46,107.46,107.39,107.39,43,MU
2025-03-20 21:03:04+00:00,32,2,10996,107.39,107.39,107.39,107.39,200,MU
2025-03-20 21:03:06+00:00,32,2,10996,107.37,107.37,107.37,107.37,50,MU
2025-03-20 21:03:07+00:00,32,2,10996,107.36,107.36,107.36,107.36,233,MU
2025-03-20 21:03:12+00:00,32,2,10996,107.36,107.36,107.36,107.36,10,MU
2025-03-20 21:03:14+00:00,32,2,10996,107.36,107.36,107.31,107.31,1193,MU
2025-03-20 21:03:15+00:00,32,2,10996,107.32,107.32,107.23,107.25,1175,MU
2025-03-20 21:03:16+00:00,32,2,10996,107.21,107.21,107.21,107.21,631,MU
2025-03-20 21:03:17+00:00,32,2,10996,107.21,107.22,107.21,107.22,216,MU
2025-03-20 21:03:18+00:00,32,2,10996,107.21,107.21,107.21,107.21,200,MU
2025-03-20 21:03:22+00:00,32,2,10996,107.21,107.21,107.21,107.21,1,MU
2025-03-20 21:03:24+00:00,32,2,10996,107.21,107.21,107.21,107.21,70,MU
2025-03-20 21:03:25+00:00,32,2,10996,107.15,107.15,107.15,107.15,787,MU
2025-03-20 21:03:26+00:00,32,2,10996,107.11,107.11,107.0,107.03,2796,MU
2025-03-20 21:03:27+00:00,32,2,10996,107.04,107.04,106.9,106.9,3019,MU
2025-03-20 21:03:28+00:00,32,2,10996,106.9,106.9,106.83,106.83,1211,MU
2025-03-20 21:03:29+00:00,32,2,10996,106.81,106.81,106.8,106.8,260,MU
2025-03-20 21:03:30+00:00,32,2,10996,106.8,106.8,106.8,106.8,499,MU
2025-03-20 21:03:31+00:00,32,2,10996,106.8,106.9,106.8,106.86,831,MU
2025-03-20 21:03:33+00:00,32,2,10996,106.86,106.86,106.86,106.86,50,MU
2025-03-20 21:03:37+00:00,32,2,10996,107.11,107.44,107.07,107.44,721,MU
2025-03-20 21:03:38+00:00,32,2,10996,107.29,107.29,107.2,107.2,558,MU
2025-03-20 21:03:39+00:00,32,2,10996,107.25,107.25,107.18,107.18,1937,MU
2025-03-20 21:03:42+00:00,32,2,10996,107.23,107.23,107.21,107.21,60,MU
2025-03-20 21:03:43+00:00,32,2,10996,107.2,107.2,107.2,107.2,220,MU
2025-03-20 21:03:46+00:00,32,2,10996,107.19,107.19,107.19,107.19,5,MU
2025-03-20 21:03:51+00:00,32,2,10996,107.23,107.47,107.23,107.39,745,MU
2025-03-20 21:03:52+00:00,32,2,10996,107.32,107.32,107.32,107.32,25,MU
2025-03-20 21:03:54+00:00,32,2,10996,107.33,107.33,107.33,107.33,25,MU
2025-03-20 21:03:58+00:00,32,2,10996,107.32,107.32,107.32,107.32,25,MU
2025-03-20 21:04:02+00:00,32,2,10996,107.39,107.39,107.3,107.3,880,MU
2025-03-20 21:04:03+00:00,32,2,10996,107.3,107.3,107.3,107.3,20,MU
2025-03-20 21:04:04+00:00,32,2,10996,107.3,107.3,107.3,107.3,1200,MU
2025-03-20 21:04:05+00:00,32,2,10996,107.31,107.31,107.31,107.31,10,MU
2025-03-20 21:04:09+00:00,32,2,10996,107.33,107.33,107.3,107.3,807,MU
2025-03-20 21:04:10+00:00,32,2,10996,107.3,107.3,107.3,107.3,144,MU
2025-03-20 21:04:13+00:00,32,2,10996,107.3,107.3,107.3,107.3,10,MU
2025-03-20 21:04:16+00:00,32,2,10996,107.3,107.3,107.3,107.3,500,MU
2025-03-20 21:04:17+00:00,32,2,10996,107.3,107.3,107.3,107.3,105,MU
2025-03-20 21:04:19+00:00,32,2,10996,107.3,107.3,107.3,107.3,1441,MU
2025-03-20 21:04:20+00:00,32,2,10996,107.27,107.27,107.13,107.13,695,MU
2025-03-20 21:04:28+00:00,32,2,10996,107.15,107.21,107.02,107.02,1504,MU
2025-03-20 21:04:29+00:00,32,2,10996,107.12,107.15,107.02,107.15,335,MU
2025-03-20 21:04:30+00:00,32,2,10996,107.13,107.18,107.13,107.18,117,MU
2025-03-20 21:04:32+00:00,32,2,10996,107.17,107.17,107.17,107.17,25,MU
2025-03-20 21:04:37+00:00,32,2,10996,107.15,107.15,107.15,107.15,200,MU
2025-03-20 21:04:41+00:00,32,2,10996,107.08,107.08,107.03,107.03,300,MU
2025-03-20 21:04:43+00:00,32,2,10996,107.26,107.3,107.26,107.3,30,MU
2025-03-20 21:04:57+00:00,32,2,10996,107.22,107.22,107.19,107.19,1998,MU
2025-03-20 21:04:59+00:00,32,2,10996,107.17,107.17,107.16,107.16,200,MU
2025-03-20 21:05:08+00:00,32,2,10996,107.1,107.1,107.1,107.1,510,MU
2025-03-20 21:05:09+00:00,32,2,10996,107.1,107.1,107.1,107.1,100,MU
2025-03-20 21:05:12+00:00,32,2,10996,107.11,107.11,107.11,107.11,500,MU
2025-03-20 21:05:20+00:00,32,2,10996,107.1,107.1,107.03,107.03,228,MU
2025-03-20 21:05:21+00:00,32,2,10996,107.04,107.04,107.03,107.03,2000,MU
2025-03-20 21:05:22+00:00,32,2,10996,107.08,107.1,107.08,107.1,1018,MU
2025-03-20 21:05:24+00:00,32,2,10996,107.14,107.16,107.1,107.1,1315,MU
2025-03-20 21:05:25+00:00,32,2,10996,107.02,107.18,107.02,107.18,505,MU
2025-03-20 21:05:27+00:00,32,2,10996,107.04,107.04,107.04,107.04,5,MU
2025-03-20 21:05:30+00:00,32,2,10996,107.1,107.1,107.1,107.1,200,MU
2025-03-20 21:05:31+00:00,32,2,10996,107.11,107.11,107.11,107.11,25,MU
2025-03-20 21:05:36+00:00,32,2,10996,107.13,107.13,107.13,107.13,2,MU
2025-03-20 21:05:37+00:00,32,2,10996,107.13,107.13,107.13,107.13,133,MU
2025-03-20 21:05:38+00:00,32,2,10996,107.19,107.19,107.19,107.19,75,MU
2025-03-20 21:05:44+00:00,32,2,10996,107.19,107.19,107.19,107.19,11,MU
2025-03-20 21:05:49+00:00,32,2,10996,107.16,107.16,107.16,107.16,27,MU
2025-03-20 21:05:54+00:00,32,2,10996,107.15,107.15,107.15,107.15,5,MU
2025-03-20 21:06:03+00:00,32,2,10996,107.24,107.3,107.24,107.3,1002,MU
2025-03-20 21:06:06+00:00,32,2,10996,107.23,107.23,107.23,107.23,17,MU
2025-03-20 21:06:07+00:00,32,2,10996,107.23,107.23,107.23,107.23,25,MU
2025-03-20 21:06:12+00:00,32,2,10996,107.2,107.2,107.2,107.2,6,MU
2025-03-20 21:06:13+00:00,32,2,10996,107.2,107.2,107.16,107.16,2419,MU
2025-03-20 21:06:14+00:00,32,2,10996,107.2,107.2,107.2,107.2,2200,MU
2025-03-20 21:06:15+00:00,32,2,10996,107.19,107.19,107.18,107.18,100,MU
2025-03-20 21:06:17+00:00,32,2,10996,107.16,107.16,107.15,107.15,338,MU
2025-03-20 21:06:18+00:00,32,2,10996,107.15,107.15,107.15,107.15,168,MU
2025-03-20 21:06:19+00:00,32,2,10996,107.15,107.15,107.13,107.13,1451,MU
2025-03-20 21:06:23+00:00,32,2,10996,107.12,107.12,107.1,107.1,100,MU
2025-03-20 21:06:25+00:00,32,2,10996,107.1,107.1,107.1,107.1,168,MU
2025-03-20 21:06:26+00:00,32,2,10996,107.1,107.1,107.1,107.1,599,MU
2025-03-20 21:06:31+00:00,32,2,10996,107.08,107.08,107.08,107.08,100,MU
2025-03-20 21:06:35+00:00,32,2,10996,107.1,107.1,107.1,107.1,59,MU
2025-03-20 21:06:38+00:00,32,2,10996,107.1,107.1,107.1,107.1,900,MU
2025-03-20 21:06:44+00:00,32,2,10996,107.1,107.1,107.1,107.1,41,MU
2025-03-20 21:06:45+00:00,32,2,10996,107.1,107.1,107.1,107.1,45,MU
2025-03-20 21:06:47+00:00,32,2,10996,107.13,107.13,107.13,107.13,100,MU
2025-03-20 21:06:50+00:00,32,2,10996,107.11,107.11,107.11,107.11,10,MU
2025-03-20 21:06:56+00:00,32,2,10996,107.12,107.12,107.12,107.12,210,MU
2025-03-20 21:06:57+00:00,32,2,10996,107.1,107.1,107.05,107.05,181,MU
2025-03-20 21:06:59+00:00,32,2,10996,107.06,107.06,107.06,107.06,10,MU
2025-03-20 21:07:07+00:00,32,2,10996,107.1,107.1,107.1,107.1,100,MU
2025-03-20 21:07:12+00:00,32,2,10996,107.1,107.1,107.1,107.1,37,MU
2025-03-20 21:07:14+00:00,32,2,10996,107.08,107.08,107.08,107.08,2,MU
2025-03-20 21:07:15+00:00,32,2,10996,107.08,107.08,107.08,107.08,50,MU
2025-03-20 21:07:17+00:00,32,2,10996,107.1,107.1,107.1,107.1,23,MU
2025-03-20 21:07:21+00:00,32,2,10996,107.1,107.1,107.1,107.1,37,MU
2025-03-20 21:07:22+00:00,32,2,10996,107.1,107.1,107.1,107.1,5,MU
2025-03-20 21:07:26+00:00,32,2,10996,107.1,107.1,107.1,107.1,135,MU
2025-03-20 21:07:28+00:00,32,2,10996,107.08,107.08,106.99,107.0,990,MU
2025-03-20 21:07:29+00:00,32,2,10996,106.99,106.99,106.85,106.85,2936,MU
2025-03-20 21:07:35+00:00,32,2,10996,106.85,106.85,106.85,106.85,17,MU
2025-03-20 21:07:38+00:00,32,2,10996,106.87,106.87,106.86,106.86,75,MU
2025-03-20 21:07:39+00:00,32,2,10996,106.82,106.82,106.75,106.75,961,MU
2025-03-20 21:07:40+00:00,32,2,10996,106.74,106.74,106.62,106.62,245,MU
2025-03-20 21:07:41+00:00,32,2,10996,106.62,106.62,106.62,106.62,100,MU
2025-03-20 21:07:42+00:00,32,2,10996,106.62,106.62,106.62,106.62,99,MU
2025-03-20 21:07:44+00:00,32,2,10996,106.66,106.69,106.66,106.69,365,MU
2025-03-20 21:07:45+00:00,32,2,10996,106.65,106.65,106.6,106.6,230,MU
2025-03-20 21:07:48+00:00,32,2,10996,106.66,106.77,106.66,106.77,136,MU
2025-03-20 21:07:49+00:00,32,2,10996,106.71,106.71,106.71,106.71,25,MU
2025-03-20 21:07:52+00:00,32,2,10996,106.81,106.81,106.81,106.81,200,MU
2025-03-20 21:07:57+00:00,32,2,10996,106.81,106.81,106.81,106.81,87,MU
2025-03-20 21:08:00+00:00,32,2,10996,106.81,106.81,106.81,106.81,50,MU
2025-03-20 21:08:01+00:00,32,2,10996,106.8,106.8,106.8,106.8,20,MU
2025-03-20 21:08:02+00:00,32,2,10996,106.78,106.78,106.78,106.78,25,MU
2025-03-20 21:08:04+00:00,32,2,10996,106.78,106.82,106.77,106.77,187,MU
2025-03-20 21:08:08+00:00,32,2,10996,106.76,106.76,106.75,106.75,137,MU
2025-03-20 21:08:09+00:00,32,2,10996,106.71,106.71,106.7,106.7,132,MU
2025-03-20 21:08:11+00:00,32,2,10996,106.68,106.68,106.68,106.68,10,MU
2025-03-20 21:08:13+00:00,32,2,10996,106.67,106.67,106.66,106.66,145,MU
2025-03-20 21:08:15+00:00,32,2,10996,106.61,106.61,106.5,106.5,2339,MU
2025-03-20 21:08:16+00:00,32,2,10996,106.57,106.58,106.57,106.58,50,MU
2025-03-20 21:08:17+00:00,32,2,10996,106.51,106.51,106.47,106.5,1377,MU
2025-03-20 21:08:18+00:00,32,2,10996,106.45,106.45,106.44,106.44,400,MU
2025-03-20 21:08:20+00:00,32,2,10996,106.44,106.44,106.4,106.4,125,MU
2025-03-20 21:08:21+00:00,32,2,10996,106.4,106.44,106.35,106.43,630,MU
2025-03-20 21:08:22+00:00,32,2,10996,106.44,106.48,106.44,106.48,100,MU
2025-03-20 21:08:27+00:00,32,2,10996,106.41,106.45,106.41,106.45,54,MU
2025-03-20 21:08:28+00:00,32,2,10996,106.41,106.42,106.41,106.42,120,MU
2025-03-20 21:08:29+00:00,32,2,10996,106.4,106.4,106.25,106.25,910,MU
2025-03-20 21:08:30+00:00,32,2,10996,106.38,106.38,106.38,106.38,67,MU
2025-03-20 21:08:31+00:00,32,2,10996,106.22,106.22,106.22,106.22,200,MU
2025-03-20 21:08:32+00:00,32,2,10996,106.21,106.21,106.17,106.17,200,MU
2025-03-20 21:08:33+00:00,32,2,10996,106.17,106.17,106.16,106.16,185,MU
2025-03-20 21:08:36+00:00,32,2,10996,106.2,106.22,106.19,106.22,1107,MU
2025-03-20 21:08:37+00:00,32,2,10996,106.35,106.35,106.35,106.35,79,MU
2025-03-20 21:08:38+00:00,32,2,10996,106.35,106.35,106.35,106.35,121,MU
2025-03-20 21:08:39+00:00,32,2,10996,106.39,106.39,106.39,106.39,178,MU
2025-03-20 21:08:40+00:00,32,2,10996,106.4,106.5,106.4,106.5,161,MU
2025-03-20 21:08:41+00:00,32,2,10996,106.4,106.4,106.34,106.34,550,MU
2025-03-20 21:08:42+00:00,32,2,10996,106.34,106.34,106.34,106.34,33,MU
2025-03-20 21:08:44+00:00,32,2,10996,106.39,106.43,106.36,106.43,325,MU
2025-03-20 21:08:45+00:00,32,2,10996,106.35,106.35,106.35,106.35,12,MU
2025-03-20 21:08:46+00:00,32,2,10996,106.43,106.43,106.38,106.38,217,MU
2025-03-20 21:08:47+00:00,32,2,10996,106.38,106.38,106.38,106.38,20,MU
2025-03-20 21:08:51+00:00,32,2,10996,106.44,106.44,106.37,106.37,100,MU
2025-03-20 21:08:54+00:00,32,2,10996,106.39,106.39,106.39,106.39,10,MU
2025-03-20 21:08:59+00:00,32,2,10996,106.45,106.48,106.45,106.48,65,MU
2025-03-20 21:09:02+00:00,32,2,10996,106.37,106.37,106.36,106.36,600,MU
2025-03-20 21:09:03+00:00,32,2,10996,106.35,106.35,106.22,106.22,1660,MU
2025-03-20 21:09:04+00:00,32,2,10996,106.2,106.2,106.15,106.15,100,MU
2025-03-20 21:09:06+00:00,32,2,10996,106.23,106.23,106.23,106.23,25,MU
2025-03-20 21:09:07+00:00,32,2,10996,106.15,106.15,106.13,106.13,150,MU
2025-03-20 21:09:08+00:00,32,2,10996,106.23,106.23,106.23,106.23,25,MU
2025-03-20 21:09:09+00:00,32,2,10996,106.22,106.22,106.22,106.22,50,MU
2025-03-20 21:09:13+00:00,32,2,10996,106.29,106.29,106.29,106.29,10,MU
2025-03-20 21:09:15+00:00,32,2,10996,106.15,106.15,106.11,106.11,186,MU
2025-03-20 21:09:18+00:00,32,2,10996,106.14,106.14,106.14,106.14,105,MU
2025-03-20 21:09:22+00:00,32,2,10996,106.3,106.4,106.2,106.21,625,MU
2025-03-20 21:09:24+00:00,32,2,10996,106.18,106.18,106.15,106.15,490,MU
2025-03-20 21:09:28+00:00,32,2,10996,106.19,106.2,106.15,106.15,215,MU
2025-03-20 21:09:33+00:00,32,2,10996,106.25,106.25,106.25,106.25,100,MU
2025-03-20 21:09:34+00:00,32,2,10996,106.16,106.16,106.15,106.15,100,MU
2025-03-20 21:09:40+00:00,32,2,10996,106.25,106.25,106.25,106.25,40,MU
2025-03-20 21:09:43+00:00,32,2,10996,106.17,106.2,106.17,106.2,31,MU
2025-03-20 21:09:44+00:00,32,2,10996,106.21,106.21,106.21,106.21,25,MU
2025-03-20 21:09:45+00:00,32,2,10996,106.17,106.17,106.17,106.17,10,MU
2025-03-20 21:09:47+00:00,32,2,10996,106.3,106.3,106.3,106.3,250,MU
2025-03-20 21:09:48+00:00,32,2,10996,106.26,106.26,106.25,106.25,100,MU
2025-03-20 21:09:50+00:00,32,2,10996,106.33,106.35,106.33,106.35,242,MU
2025-03-20 21:09:51+00:00,32,2,10996,106.4,106.5,106.4,106.5,201,MU
2025-03-20 21:09:52+00:00,32,2,10996,106.49,106.49,106.49,106.49,50,MU
2025-03-20 21:09:55+00:00,32,2,10996,106.51,106.51,106.51,106.51,100,MU
2025-03-20 21:10:00+00:00,32,2,10996,106.57,106.57,106.57,106.57,1251,MU
2025-03-20 21:10:01+00:00,32,2,10996,106.57,106.57,106.57,106.57,353,MU
2025-03-20 21:10:05+00:00,32,2,10996,106.48,106.48,106.48,106.48,30,MU
2025-03-20 21:10:09+00:00,32,2,10996,106.56,106.56,106.56,106.56,50,MU
2025-03-20 21:10:10+00:00,32,2,10996,106.56,106.56,106.56,106.56,1100,MU
2025-03-20 21:10:12+00:00,32,2,10996,106.5,106.5,106.5,106.5,200,MU
2025-03-20 21:10:24+00:00,32,2,10996,106.36,106.36,106.36,106.36,100,MU
2025-03-20 21:10:25+00:00,32,2,10996,106.36,106.38,106.36,106.38,156,MU
2025-03-20 21:10:33+00:00,32,2,10996,106.38,106.38,106.38,106.38,5,MU
2025-03-20 21:10:36+00:00,32,2,10996,106.39,106.39,106.39,106.39,25,MU
2025-03-20 21:10:37+00:00,32,2,10996,106.4,106.4,106.4,106.4,10,MU
2025-03-20 21:10:52+00:00,32,2,10996,106.3,106.3,106.3,106.3,100,MU
2025-03-20 21:10:56+00:00,32,2,10996,106.37,106.4,106.37,106.4,209,MU
2025-03-20 21:10:59+00:00,32,2,10996,106.45,106.5,106.45,106.5,215,MU
2025-03-20 21:11:00+00:00,32,2,10996,106.6,106.87,106.6,106.87,1331,MU
2025-03-20 21:11:04+00:00,32,2,10996,106.7,106.7,106.7,106.7,10,MU
2025-03-20 21:11:10+00:00,32,2,10996,106.77,106.77,106.75,106.75,100,MU
2025-03-20 21:11:11+00:00,32,2,10996,106.75,106.75,106.75,106.75,602,MU
2025-03-20 21:11:13+00:00,32,2,10996,106.8,106.8,106.8,106.8,550,MU
2025-03-20 21:11:14+00:00,32,2,10996,106.8,106.9,106.8,106.9,1109,MU
2025-03-20 21:11:15+00:00,32,2,10996,106.88,107.0,106.8,106.8,1607,MU
2025-03-20 21:11:22+00:00,32,2,10996,106.81,106.81,106.81,106.81,84,MU
2025-03-20 21:11:23+00:00,32,2,10996,106.81,106.81,106.81,106.81,5,MU
2025-03-20 21:11:24+00:00,32,2,10996,106.82,106.82,106.82,106.82,20,MU
2025-03-20 21:11:26+00:00,32,2,10996,106.81,106.81,106.8,106.8,1055,MU
2025-03-20 21:11:27+00:00,32,2,10996,106.8,106.8,106.8,106.8,674,MU
2025-03-20 21:11:31+00:00,32,2,10996,106.7,106.7,106.7,106.7,100,MU
2025-03-20 21:11:41+00:00,32,2,10996,106.75,106.75,106.75,106.75,10,MU
2025-03-20 21:11:42+00:00,32,2,10996,106.64,106.64,106.64,106.64,200,MU
2025-03-20 21:11:47+00:00,32,2,10996,106.6,106.6,106.6,106.6,50,MU
2025-03-20 21:11:59+00:00,32,2,10996,106.67,106.7,106.67,106.7,75,MU
2025-03-20 21:12:04+00:00,32,2,10996,106.68,106.7,106.68,106.7,225,MU
2025-03-20 21:12:10+00:00,32,2,10996,106.69,106.7,106.69,106.7,95,MU
2025-03-20 21:12:12+00:00,32,2,10996,106.7,106.7,106.7,106.7,877,MU
2025-03-20 21:12:13+00:00,32,2,10996,106.7,106.7,106.7,106.7,391,MU
2025-03-20 21:12:16+00:00,32,2,10996,106.67,106.67,106.67,106.67,10,MU
2025-03-20 21:12:17+00:00,32,2,10996,106.67,106.67,106.62,106.62,100,MU
2025-03-20 21:12:26+00:00,32,2,10996,106.6,106.6,106.6,106.6,70,MU
2025-03-20 21:12:28+00:00,32,2,10996,106.7,106.7,106.7,106.7,25,MU
2025-03-20 21:12:30+00:00,32,2,10996,106.7,106.7,106.7,106.7,475,MU
2025-03-20 21:12:32+00:00,32,2,10996,106.8,106.9,106.8,106.9,109,MU
2025-03-20 21:12:33+00:00,32,2,10996,106.84,106.9,106.84,106.9,65,MU
2025-03-20 21:12:34+00:00,32,2,10996,106.81,106.9,106.8,106.9,252,MU
2025-03-20 21:12:45+00:00,32,2,10996,106.88,106.88,106.86,106.86,28,MU
2025-03-20 21:12:47+00:00,32,2,10996,106.83,106.83,106.82,106.82,870,MU
2025-03-20 21:12:57+00:00,32,2,10996,106.71,106.71,106.71,106.71,2,MU
2025-03-20 21:13:02+00:00,32,2,10996,106.8,106.8,106.8,106.8,25,MU
2025-03-20 21:13:03+00:00,32,2,10996,106.7,106.7,106.7,106.7,2,MU
2025-03-20 21:13:09+00:00,32,2,10996,106.72,106.8,106.72,106.8,75,MU
2025-03-20 21:13:11+00:00,32,2,10996,106.75,106.75,106.75,106.75,100,MU
2025-03-20 21:13:20+00:00,32,2,10996,106.77,106.77,106.77,106.77,20,MU
2025-03-20 21:13:29+00:00,32,2,10996,106.75,106.75,106.75,106.75,80,MU
2025-03-20 21:13:30+00:00,32,2,10996,106.75,106.75,106.75,106.75,300,MU
2025-03-20 21:13:31+00:00,32,2,10996,106.75,106.75,106.75,106.75,100,MU
2025-03-20 21:13:32+00:00,32,2,10996,106.77,106.85,106.77,106.85,728,MU
2025-03-20 21:13:33+00:00,32,2,10996,106.9,106.9,106.9,106.9,84,MU
2025-03-20 21:13:34+00:00,32,2,10996,106.9,106.9,106.9,106.9,17,MU
2025-03-20 21:13:37+00:00,32,2,10996,106.85,106.85,106.7,106.77,1126,MU
2025-03-20 21:13:43+00:00,32,2,10996,106.9,106.9,106.9,106.9,67,MU
2025-03-20 21:13:44+00:00,32,2,10996,106.9,107.0,106.9,106.91,1001,MU
2025-03-20 21:13:51+00:00,32,2,10996,106.9,106.9,106.9,106.9,25,MU
2025-03-20 21:13:58+00:00,32,2,10996,106.82,106.84,106.8,106.84,242,MU
2025-03-20 21:13:59+00:00,32,2,10996,106.79,106.79,106.79,106.79,150,MU
2025-03-20 21:14:03+00:00,32,2,10996,106.82,106.82,106.82,106.82,100,MU
2025-03-20 21:14:09+00:00,32,2,10996,106.87,106.87,106.87,106.87,88,MU
2025-03-20 21:14:12+00:00,32,2,10996,106.84,106.84,106.82,106.82,100,MU
2025-03-20 21:14:20+00:00,32,2,10996,106.88,106.88,106.88,106.88,25,MU
2025-03-20 21:14:21+00:00,32,2,10996,106.88,106.88,106.88,106.88,25,MU
2025-03-20 21:14:31+00:00,32,2,10996,106.84,106.84,106.82,106.82,250,MU
2025-03-20 21:14:32+00:00,32,2,10996,106.82,106.82,106.82,106.82,768,MU
2025-03-20 21:14:38+00:00,32,2,10996,106.83,106.83,106.82,106.82,432,MU
2025-03-20 21:14:39+00:00,32,2,10996,106.81,106.81,106.79,106.79,307,MU
2025-03-20 21:14:40+00:00,32,2,10996,106.87,106.87,106.87,106.87,3,MU
2025-03-20 21:14:46+00:00,32,2,10996,106.79,106.79,106.79,106.79,100,MU
2025-03-20 21:14:55+00:00,32,2,10996,106.85,107.0,106.83,107.0,4621,MU
2025-03-20 21:14:56+00:00,32,2,10996,106.92,106.92,106.79,106.79,2200,MU
2025-03-20 21:14:57+00:00,32,2,10996,106.81,106.81,106.79,106.79,200,MU
2025-03-20 21:15:02+00:00,32,2,10996,106.85,106.85,106.8,106.8,500,MU
2025-03-20 21:15:04+00:00,32,2,10996,106.9,106.9,106.9,106.9,100,MU
2025-03-20 21:15:05+00:00,32,2,10996,106.9,106.9,106.9,106.9,100,MU
2025-03-20 21:15:09+00:00,32,2,10996,106.81,106.81,106.81,106.81,300,MU
2025-03-20 21:15:13+00:00,32,2,10996,106.7,106.7,106.7,106.7,99,MU
2025-03-20 21:15:21+00:00,32,2,10996,106.76,106.76,106.74,106.74,51,MU
2025-03-20 21:15:30+00:00,32,2,10996,106.76,106.76,106.76,106.76,2,MU
2025-03-20 21:15:46+00:00,32,2,10996,106.76,106.76,106.76,106.76,25,MU
2025-03-20 21:15:49+00:00,32,2,10996,106.76,106.76,106.76,106.76,25,MU
2025-03-20 21:15:56+00:00,32,2,10996,106.77,106.77,106.76,106.76,268,MU
2025-03-20 21:15:57+00:00,32,2,10996,106.75,106.75,106.73,106.73,207,MU
2025-03-20 21:16:25+00:00,32,2,10996,106.6,106.6,106.6,106.6,59,MU
2025-03-20 21:16:26+00:00,32,2,10996,106.6,106.6,106.6,106.6,50,MU
2025-03-20 21:16:27+00:00,32,2,10996,106.6,106.6,106.6,106.6,77,MU
2025-03-20 21:16:30+00:00,32,2,10996,106.58,106.58,106.58,106.58,62,MU
2025-03-20 21:16:36+00:00,32,2,10996,106.56,106.56,106.56,106.56,65,MU
2025-03-20 21:16:37+00:00,32,2,10996,106.56,106.56,106.56,106.56,500,MU
2025-03-20 21:16:48+00:00,32,2,10996,106.56,106.56,106.56,106.56,100,MU
2025-03-20 21:16:57+00:00,32,2,10996,106.51,106.51,106.43,106.43,175,MU
2025-03-20 21:16:58+00:00,32,2,10996,106.41,106.45,106.41,106.45,184,MU
2025-03-20 21:17:08+00:00,32,2,10996,106.38,106.38,106.38,106.38,21,MU
2025-03-20 21:17:10+00:00,32,2,10996,106.37,106.42,106.37,106.42,150,MU
2025-03-20 21:17:16+00:00,32,2,10996,106.43,106.43,106.43,106.43,25,MU
2025-03-20 21:17:17+00:00,32,2,10996,106.43,106.43,106.43,106.43,25,MU
2025-03-20 21:17:19+00:00,32,2,10996,106.43,106.43,106.43,106.43,2,MU
2025-03-20 21:17:22+00:00,32,2,10996,106.37,106.37,106.35,106.35,800,MU
2025-03-20 21:17:27+00:00,32,2,10996,106.37,106.37,106.35,106.35,417,MU
2025-03-20 21:17:30+00:00,32,2,10996,106.45,106.45,106.45,106.45,25,MU
2025-03-20 21:17:33+00:00,32,2,10996,106.47,106.47,106.47,106.47,25,MU
2025-03-20 21:17:35+00:00,32,2,10996,106.5,106.5,106.5,106.5,60,MU
2025-03-20 21:17:36+00:00,32,2,10996,106.5,106.5,106.5,106.5,200,MU
2025-03-20 21:17:39+00:00,32,2,10996,106.55,106.55,106.55,106.55,426,MU
2025-03-20 21:17:42+00:00,32,2,10996,106.54,106.54,106.54,106.54,20,MU
2025-03-20 21:17:43+00:00,32,2,10996,106.55,106.55,106.55,106.55,99,MU
2025-03-20 21:17:47+00:00,32,2,10996,106.6,106.6,106.6,106.6,2,MU
2025-03-20 21:17:50+00:00,32,2,10996,106.64,106.64,106.64,106.64,100,MU
2025-03-20 21:18:03+00:00,32,2,10996,106.62,106.62,106.62,106.62,10,MU
2025-03-20 21:18:08+00:00,32,2,10996,106.64,106.64,106.64,106.64,600,MU
2025-03-20 21:18:41+00:00,32,2,10996,106.65,106.65,106.65,106.65,100,MU
2025-03-20 21:18:43+00:00,32,2,10996,106.66,106.66,106.66,106.66,100,MU
2025-03-20 21:18:45+00:00,32,2,10996,106.77,106.78,106.75,106.77,218,MU
2025-03-20 21:18:46+00:00,32,2,10996,106.77,106.78,106.77,106.78,84,MU
2025-03-20 21:18:51+00:00,32,2,10996,106.7,106.7,106.7,106.7,20,MU
2025-03-20 21:18:55+00:00,32,2,10996,106.68,106.68,106.68,106.68,21,MU
2025-03-20 21:18:56+00:00,32,2,10996,106.68,106.68,106.68,106.68,1,MU
2025-03-20 21:18:57+00:00,32,2,10996,106.7,106.7,106.67,106.67,975,MU
2025-03-20 21:19:03+00:00,32,2,10996,106.68,106.68,106.67,106.67,500,MU
2025-03-20 21:19:07+00:00,32,2,10996,106.67,106.67,106.67,106.67,20,MU
2025-03-20 21:19:09+00:00,32,2,10996,106.67,106.67,106.67,106.67,1000,MU
2025-03-20 21:19:10+00:00,32,2,10996,106.67,106.67,106.61,106.61,1554,MU
2025-03-20 21:19:11+00:00,32,2,10996,106.6,106.6,106.6,106.6,100,MU
2025-03-20 21:19:14+00:00,32,2,10996,106.5,106.5,106.48,106.48,339,MU
2025-03-20 21:19:19+00:00,32,2,10996,106.47,106.47,106.46,106.46,186,MU
2025-03-20 21:19:27+00:00,32,2,10996,106.42,106.42,106.41,106.41,100,MU
2025-03-20 21:19:28+00:00,32,2,10996,106.41,106.41,106.4,106.4,470,MU
2025-03-20 21:19:36+00:00,32,2,10996,106.4,106.4,106.4,106.4,5,MU
2025-03-20 21:19:40+00:00,32,2,10996,106.46,106.46,106.46,106.46,25,MU
2025-03-20 21:19:41+00:00,32,2,10996,106.41,106.41,106.41,106.41,250,MU
2025-03-20 21:19:47+00:00,32,2,10996,106.42,106.42,106.42,106.42,300,MU
2025-03-20 21:19:51+00:00,32,2,10996,106.48,106.48,106.48,106.48,100,MU
2025-03-20 21:19:52+00:00,32,2,10996,106.5,106.55,106.5,106.55,472,MU
2025-03-20 21:20:00+00:00,32,2,10996,106.4,106.4,106.4,106.4,100,MU
2025-03-20 21:20:11+00:00,32,2,10996,106.48,106.5,106.48,106.5,1100,MU
2025-03-20 21:20:12+00:00,32,2,10996,106.5,106.5,106.5,106.5,25,MU
2025-03-20 21:20:14+00:00,32,2,10996,106.46,106.46,106.45,106.45,1200,MU
2025-03-20 21:20:16+00:00,32,2,10996,106.4,106.4,106.4,106.4,99,MU
2025-03-20 21:20:18+00:00,32,2,10996,106.37,106.37,106.31,106.31,256,MU
2025-03-20 21:20:19+00:00,32,2,10996,106.31,106.31,106.31,106.31,33,MU
2025-03-20 21:20:35+00:00,32,2,10996,106.32,106.32,106.32,106.32,200,MU
2025-03-20 21:20:36+00:00,32,2,10996,106.31,106.31,106.31,106.31,10,MU
2025-03-20 21:20:38+00:00,32,2,10996,106.31,106.31,106.3,106.3,256,MU
2025-03-20 21:20:39+00:00,32,2,10996,106.27,106.27,106.25,106.25,204,MU
2025-03-20 21:20:40+00:00,32,2,10996,106.25,106.25,106.25,106.25,56,MU
2025-03-20 21:20:41+00:00,32,2,10996,106.2,106.2,106.2,106.2,100,MU
2025-03-20 21:20:43+00:00,32,2,10996,106.24,106.26,106.24,106.26,100,MU
2025-03-20 21:20:45+00:00,32,2,10996,106.24,106.24,106.1,106.11,793,MU
2025-03-20 21:20:46+00:00,32,2,10996,106.15,106.24,106.15,106.24,166,MU
2025-03-20 21:20:54+00:00,32,2,10996,106.16,106.16,106.15,106.15,75,MU
2025-03-20 21:21:02+00:00,32,2,10996,106.14,106.14,106.1,106.1,825,MU
2025-03-20 21:21:06+00:00,32,2,10996,106.09,106.09,106.09,106.09,100,MU
2025-03-20 21:21:09+00:00,32,2,10996,106.2,106.2,106.2,106.2,50,MU
2025-03-20 21:21:10+00:00,32,2,10996,106.21,106.21,106.2,106.2,200,MU
2025-03-20 21:21:11+00:00,32,2,10996,106.25,106.26,106.25,106.26,100,MU
2025-03-20 21:21:14+00:00,32,2,10996,106.26,106.26,106.26,106.26,4,MU
2025-03-20 21:21:15+00:00,32,2,10996,106.26,106.26,106.26,106.26,43,MU
2025-03-20 21:21:25+00:00,32,2,10996,106.31,106.31,106.31,106.31,20,MU
2025-03-20 21:21:41+00:00,32,2,10996,106.25,106.25,106.25,106.25,67,MU
2025-03-20 21:21:43+00:00,32,2,10996,106.24,106.24,106.24,106.24,380,MU
2025-03-20 21:21:53+00:00,32,2,10996,106.25,106.25,106.25,106.25,9,MU
2025-03-20 21:21:54+00:00,32,2,10996,106.26,106.26,106.25,106.25,100,MU
2025-03-20 21:21:59+00:00,32,2,10996,106.29,106.29,106.29,106.29,10,MU
2025-03-20 21:22:00+00:00,32,2,10996,106.34,106.34,106.29,106.29,108,MU
2025-03-20 21:22:05+00:00,32,2,10996,106.3,106.3,106.3,106.3,25,MU
2025-03-20 21:22:07+00:00,32,2,10996,106.25,106.25,106.24,106.24,994,MU
2025-03-20 21:22:08+00:00,32,2,10996,106.29,106.29,106.29,106.29,25,MU
2025-03-20 21:22:10+00:00,32,2,10996,106.24,106.24,106.24,106.24,25,MU
2025-03-20 21:22:23+00:00,32,2,10996,106.26,106.26,106.26,106.26,67,MU
2025-03-20 21:22:25+00:00,32,2,10996,106.26,106.26,106.26,106.26,100,MU
2025-03-20 21:22:26+00:00,32,2,10996,106.2,106.2,106.19,106.19,200,MU
2025-03-20 21:22:43+00:00,32,2,10996,106.14,106.14,106.14,106.14,50,MU
2025-03-20 21:22:44+00:00,32,2,10996,106.16,106.16,106.16,106.16,40,MU
2025-03-20 21:23:05+00:00,32,2,10996,106.2,106.2,106.2,106.2,205,MU
2025-03-20 21:23:12+00:00,32,2,10996,106.11,106.11,106.11,106.11,958,MU
2025-03-20 21:23:13+00:00,32,2,10996,106.1,106.1,106.1,106.1,200,MU
2025-03-20 21:23:14+00:00,32,2,10996,106.1,106.1,106.1,106.1,346,MU
2025-03-20 21:23:17+00:00,32,2,10996,106.11,106.11,106.11,106.11,1,MU
2025-03-20 21:23:18+00:00,32,2,10996,106.16,106.16,106.16,106.16,25,MU
2025-03-20 21:23:23+00:00,32,2,10996,106.14,106.14,106.14,106.14,32,MU
2025-03-20 21:23:25+00:00,32,2,10996,106.14,106.14,106.14,106.14,100,MU
2025-03-20 21:23:28+00:00,32,2,10996,106.15,106.15,106.15,106.15,50,MU
2025-03-20 21:23:32+00:00,32,2,10996,106.2,106.2,106.2,106.2,60,MU
2025-03-20 21:23:34+00:00,32,2,10996,106.19,106.19,106.11,106.11,650,MU
2025-03-20 21:23:35+00:00,32,2,10996,106.05,106.05,106.05,106.05,100,MU
2025-03-20 21:23:36+00:00,32,2,10996,106.06,106.06,106.0,106.0,4600,MU
2025-03-20 21:23:37+00:00,32,2,10996,106.0,106.0,106.0,106.0,1344,MU
2025-03-20 21:23:38+00:00,32,2,10996,105.95,105.95,105.91,105.95,521,MU
2025-03-20 21:23:41+00:00,32,2,10996,105.91,105.91,105.91,105.91,100,MU
2025-03-20 21:23:42+00:00,32,2,10996,105.88,105.88,105.88,105.88,100,MU
2025-03-20 21:23:43+00:00,32,2,10996,105.88,105.88,105.88,105.88,14,MU
2025-03-20 21:23:44+00:00,32,2,10996,105.87,105.87,105.87,105.87,100,MU
2025-03-20 21:23:45+00:00,32,2,10996,105.86,105.86,105.86,105.86,167,MU
2025-03-20 21:23:47+00:00,32,2,10996,105.88,105.88,105.88,105.88,50,MU
2025-03-20 21:23:48+00:00,32,2,10996,105.88,105.88,105.86,105.86,1000,MU
2025-03-20 21:23:51+00:00,32,2,10996,105.9,105.9,105.9,105.9,188,MU
2025-03-20 21:23:53+00:00,32,2,10996,105.9,105.9,105.9,105.9,55,MU
2025-03-20 21:23:56+00:00,32,2,10996,105.9,105.9,105.87,105.87,824,MU
2025-03-20 21:23:58+00:00,32,2,10996,105.9,105.9,105.9,105.9,55,MU
2025-03-20 21:24:08+00:00,32,2,10996,105.91,105.91,105.9,105.9,309,MU
2025-03-20 21:24:09+00:00,32,2,10996,105.9,105.9,105.9,105.9,192,MU
2025-03-20 21:24:12+00:00,32,2,10996,105.9,105.9,105.9,105.9,100,MU
2025-03-20 21:24:16+00:00,32,2,10996,105.87,105.87,105.87,105.87,100,MU
2025-03-20 21:24:19+00:00,32,2,10996,105.9,105.9,105.9,105.9,71,MU
2025-03-20 21:24:37+00:00,32,2,10996,105.92,105.92,105.87,105.87,560,MU
2025-03-20 21:24:46+00:00,32,2,10996,105.92,105.92,105.9,105.9,456,MU
2025-03-20 21:24:49+00:00,32,2,10996,105.9,105.9,105.9,105.9,1,MU
2025-03-20 21:24:51+00:00,32,2,10996,105.9,105.92,105.9,105.92,72,MU
2025-03-20 21:24:54+00:00,32,2,10996,105.86,105.86,105.86,105.86,100,MU
2025-03-20 21:25:00+00:00,32,2,10996,105.97,105.98,105.97,105.98,194,MU
2025-03-20 21:25:06+00:00,32,2,10996,105.99,106.15,105.99,106.15,4142,MU
2025-03-20 21:25:07+00:00,32,2,10996,106.2,106.22,106.2,106.22,108,MU
2025-03-20 21:25:08+00:00,32,2,10996,106.22,106.22,106.22,106.22,1500,MU
2025-03-20 21:25:09+00:00,32,2,10996,106.22,106.22,106.22,106.22,733,MU
2025-03-20 21:25:11+00:00,32,2,10996,106.12,106.12,106.12,106.12,150,MU
2025-03-20 21:25:15+00:00,32,2,10996,106.2,106.22,106.2,106.22,788,MU
2025-03-20 21:25:16+00:00,32,2,10996,106.22,106.22,106.22,106.22,500,MU
2025-03-20 21:25:17+00:00,32,2,10996,106.22,106.22,106.22,106.22,478,MU
2025-03-20 21:25:18+00:00,32,2,10996,106.22,106.22,106.22,106.22,480,MU
2025-03-20 21:25:19+00:00,32,2,10996,106.25,106.25,106.25,106.25,11,MU
2025-03-20 21:25:27+00:00,32,2,10996,106.34,106.34,106.34,106.34,25,MU
2025-03-20 21:25:29+00:00,32,2,10996,106.42,106.42,106.42,106.42,64,MU
2025-03-20 21:25:31+00:00,32,2,10996,106.41,106.41,106.4,106.4,167,MU
2025-03-20 21:25:32+00:00,32,2,10996,106.4,106.4,106.4,106.4,586,MU
2025-03-20 21:25:33+00:00,32,2,10996,106.42,106.42,106.42,106.42,92,MU
2025-03-20 21:25:34+00:00,32,2,10996,106.4,106.4,106.4,106.4,92,MU
2025-03-20 21:25:37+00:00,32,2,10996,106.4,106.4,106.4,106.4,1086,MU
2025-03-20 21:25:38+00:00,32,2,10996,106.4,106.4,106.4,106.4,100,MU
2025-03-20 21:25:40+00:00,32,2,10996,106.4,106.4,106.4,106.4,25,MU
2025-03-20 21:25:41+00:00,32,2,10996,106.4,106.4,106.4,106.4,100,MU
2025-03-20 21:25:46+00:00,32,2,10996,106.34,106.34,106.34,106.34,300,MU
2025-03-20 21:25:48+00:00,32,2,10996,106.3,106.3,106.3,106.3,950,MU
2025-03-20 21:26:04+00:00,32,2,10996,106.39,106.39,106.39,106.39,10,MU
2025-03-20 21:26:07+00:00,32,2,10996,106.35,106.39,106.35,106.39,101,MU
2025-03-20 21:26:16+00:00,32,2,10996,106.26,106.26,106.26,106.26,100,MU
2025-03-20 21:26:20+00:00,32,2,10996,106.28,106.28,106.28,106.28,30,MU
2025-03-20 21:26:22+00:00,32,2,10996,106.35,106.35,106.35,106.35,100,MU
2025-03-20 21:26:28+00:00,32,2,10996,106.5,106.6,106.5,106.6,1445,MU
2025-03-20 21:26:29+00:00,32,2,10996,106.55,106.55,106.55,106.55,200,MU
2025-03-20 21:26:30+00:00,32,2,10996,106.59,106.74,106.58,106.65,101,MU
2025-03-20 21:26:31+00:00,32,2,10996,106.66,106.66,106.62,106.62,75,MU
2025-03-20 21:26:32+00:00,32,2,10996,106.7,106.7,106.65,106.65,50,MU
2025-03-20 21:26:35+00:00,32,2,10996,106.73,106.78,106.73,106.78,117,MU
2025-03-20 21:26:36+00:00,32,2,10996,106.73,106.73,106.73,106.73,15,MU
2025-03-20 21:26:39+00:00,32,2,10996,106.72,106.72,106.68,106.68,200,MU
2025-03-20 21:26:42+00:00,32,2,10996,106.75,106.75,106.74,106.74,100,MU
2025-03-20 21:26:50+00:00,32,2,10996,106.66,106.66,106.65,106.65,1260,MU
2025-03-20 21:26:52+00:00,32,2,10996,106.64,106.64,106.63,106.63,107,MU
2025-03-20 21:26:59+00:00,32,2,10996,106.52,106.52,106.52,106.52,182,MU
2025-03-20 21:27:00+00:00,32,2,10996,106.52,106.52,106.52,106.52,5,MU
2025-03-20 21:27:05+00:00,32,2,10996,106.7,106.78,106.7,106.78,100,MU
2025-03-20 21:27:06+00:00,32,2,10996,106.74,106.74,106.7,106.7,1067,MU
2025-03-20 21:27:10+00:00,32,2,10996,106.75,106.79,106.75,106.79,200,MU
2025-03-20 21:27:13+00:00,32,2,10996,106.73,106.77,106.73,106.77,200,MU
2025-03-20 21:27:21+00:00,32,2,10996,106.68,106.68,106.6,106.6,299,MU
2025-03-20 21:27:24+00:00,32,2,10996,106.62,106.62,106.6,106.6,299,MU
2025-03-20 21:27:26+00:00,32,2,10996,106.55,106.55,106.55,106.55,200,MU
2025-03-20 21:27:29+00:00,32,2,10996,106.63,106.63,106.63,106.63,1,MU
2025-03-20 21:27:30+00:00,32,2,10996,106.63,106.63,106.63,106.63,91,MU
2025-03-20 21:27:31+00:00,32,2,10996,106.63,106.63,106.63,106.63,8,MU
2025-03-20 21:27:34+00:00,32,2,10996,106.7,106.7,106.7,106.7,25,MU
2025-03-20 21:27:37+00:00,32,2,10996,106.7,106.75,106.7,106.75,1000,MU
2025-03-20 21:27:40+00:00,32,2,10996,106.75,106.78,106.75,106.77,956,MU
2025-03-20 21:27:51+00:00,32,2,10996,106.75,106.75,106.75,106.75,20,MU
2025-03-20 21:27:55+00:00,32,2,10996,106.75,106.75,106.75,106.75,470,MU
2025-03-20 21:27:56+00:00,32,2,10996,106.75,106.75,106.75,106.75,400,MU
2025-03-20 21:27:57+00:00,32,2,10996,106.76,106.76,106.76,106.76,150,MU
2025-03-20 21:28:02+00:00,32,2,10996,106.75,106.75,106.75,106.75,99,MU
2025-03-20 21:28:03+00:00,32,2,10996,106.75,106.75,106.75,106.75,200,MU
2025-03-20 21:28:04+00:00,32,2,10996,106.67,106.67,106.66,106.66,300,MU
2025-03-20 21:28:05+00:00,32,2,10996,106.66,106.66,106.66,106.66,50,MU
2025-03-20 21:28:15+00:00,32,2,10996,106.71,106.71,106.71,106.71,8,MU
2025-03-20 21:28:20+00:00,32,2,10996,106.76,106.77,106.76,106.77,580,MU
2025-03-20 21:28:23+00:00,32,2,10996,106.72,106.72,106.72,106.72,184,MU
2025-03-20 21:28:24+00:00,32,2,10996,106.71,106.71,106.71,106.71,100,MU
2025-03-20 21:28:28+00:00,32,2,10996,106.72,106.72,106.72,106.72,203,MU
2025-03-20 21:28:29+00:00,32,2,10996,106.7,106.7,106.7,106.7,100,MU
2025-03-20 21:28:30+00:00,32,2,10996,106.7,106.7,106.7,106.7,188,MU
2025-03-20 21:28:34+00:00,32,2,10996,106.66,106.66,106.66,106.66,720,MU
2025-03-20 21:28:35+00:00,32,2,10996,106.7,106.71,106.7,106.71,60,MU
2025-03-20 21:28:36+00:00,32,2,10996,106.72,106.75,106.7,106.75,496,MU
2025-03-20 21:28:37+00:00,32,2,10996,106.7,106.7,106.7,106.7,1000,MU
2025-03-20 21:28:38+00:00,32,2,10996,106.7,106.7,106.7,106.7,500,MU
2025-03-20 21:28:51+00:00,32,2,10996,106.72,106.72,106.72,106.72,100,MU
2025-03-20 21:28:54+00:00,32,2,10996,106.7,106.7,106.7,106.7,600,MU
2025-03-20 21:28:55+00:00,32,2,10996,106.7,106.7,106.7,106.7,240,MU
2025-03-20 21:28:56+00:00,32,2,10996,106.7,106.7,106.7,106.7,1690,MU
2025-03-20 21:29:00+00:00,32,2,10996,106.61,106.61,106.61,106.61,20,MU
2025-03-20 21:29:06+00:00,32,2,10996,106.62,106.62,106.61,106.61,275,MU
2025-03-20 21:29:07+00:00,32,2,10996,106.61,106.61,106.58,106.58,111,MU
2025-03-20 21:29:22+00:00,32,2,10996,106.65,106.65,106.65,106.65,20,MU
2025-03-20 21:29:28+00:00,32,2,10996,106.7,106.7,106.7,106.7,742,MU
2025-03-20 21:29:38+00:00,32,2,10996,106.7,106.7,106.7,106.7,25,MU
2025-03-20 21:29:47+00:00,32,2,10996,106.7,106.7,106.66,106.66,300,MU
2025-03-20 21:29:48+00:00,32,2,10996,106.75,106.76,106.75,106.76,636,MU
2025-03-20 21:29:49+00:00,32,2,10996,106.8,106.87,106.8,106.87,83,MU
2025-03-20 21:29:50+00:00,32,2,10996,106.78,106.78,106.77,106.77,600,MU
2025-03-20 21:29:52+00:00,32,2,10996,106.89,106.9,106.76,106.76,505,MU
2025-03-20 21:29:55+00:00,32,2,10996,106.76,106.76,106.76,106.76,200,MU
2025-03-20 21:29:56+00:00,32,2,10996,106.8,106.8,106.8,106.8,100,MU
2025-03-20 21:30:05+00:00,32,2,10996,106.94,106.94,106.88,106.88,218,MU
2025-03-20 21:30:07+00:00,32,2,10996,106.94,106.95,106.93,106.94,1000,MU
2025-03-20 21:30:08+00:00,32,2,10996,106.93,106.93,106.93,106.93,400,MU
2025-03-20 21:30:11+00:00,32,2,10996,106.93,106.95,106.93,106.95,200,MU
2025-03-20 21:30:12+00:00,32,2,10996,106.95,106.95,106.95,106.95,100,MU
2025-03-20 21:30:13+00:00,32,2,10996,106.95,106.95,106.94,106.94,110,MU
2025-03-20 21:30:14+00:00,32,2,10996,106.95,106.95,106.95,106.95,100,MU
2025-03-20 21:30:15+00:00,32,2,10996,106.94,106.94,106.93,106.93,505,MU
2025-03-20 21:30:16+00:00,32,2,10996,106.93,106.93,106.93,106.93,909,MU
2025-03-20 21:30:17+00:00,32,2,10996,106.93,106.93,106.93,106.93,1376,MU
2025-03-20 21:30:21+00:00,32,2,10996,106.76,106.76,106.76,106.76,285,MU
2025-03-20 21:30:30+00:00,32,2,10996,106.84,107.0,106.84,106.85,6503,MU
2025-03-20 21:30:37+00:00,32,2,10996,106.8,106.8,106.8,106.8,500,MU
2025-03-20 21:30:44+00:00,32,2,10996,106.76,106.76,106.76,106.76,1196,MU
2025-03-20 21:30:51+00:00,32,2,10996,106.78,106.78,106.78,106.78,15,MU
2025-03-20 21:31:07+00:00,32,2,10996,106.76,106.76,106.76,106.76,219,MU
2025-03-20 21:31:18+00:00,32,2,10996,106.82,106.82,106.82,106.82,620,MU
2025-03-20 21:31:25+00:00,32,2,10996,106.78,106.78,106.78,106.78,46,MU
2025-03-20 21:31:27+00:00,32,2,10996,106.78,106.78,106.77,106.77,76,MU
2025-03-20 21:31:29+00:00,32,2,10996,106.77,106.77,106.76,106.76,236,MU
2025-03-20 21:32:44+00:00,32,2,10996,106.65,106.65,106.63,106.63,317,MU
2025-03-20 21:32:45+00:00,32,2,10996,106.63,106.63,106.63,106.63,100,MU
2025-03-20 21:32:49+00:00,32,2,10996,106.54,106.54,106.54,106.54,55,MU
2025-03-20 21:32:50+00:00,32,2,10996,106.54,106.54,106.53,106.53,80,MU
2025-03-20 21:32:56+00:00,32,2,10996,106.53,106.53,106.53,106.53,20,MU
2025-03-20 21:32:57+00:00,32,2,10996,106.41,106.41,106.4,106.4,290,MU
2025-03-20 21:33:04+00:00,32,2,10996,106.31,106.31,106.31,106.31,2,MU
2025-03-20 21:33:08+00:00,32,2,10996,106.31,106.31,106.31,106.31,98,MU
2025-03-20 21:33:14+00:00,32,2,10996,106.35,106.35,106.35,106.35,45,MU
2025-03-20 21:33:19+00:00,32,2,10996,106.35,106.35,106.2,106.2,725,MU
2025-03-20 21:33:37+00:00,32,2,10996,106.23,106.23,106.23,106.23,206,MU
2025-03-20 21:33:42+00:00,32,2,10996,106.2,106.2,106.2,106.2,12,MU
2025-03-20 21:34:07+00:00,32,2,10996,106.2,106.2,106.2,106.2,79,MU
2025-03-20 21:34:12+00:00,32,2,10996,106.43,106.45,106.43,106.45,550,MU
2025-03-20 21:34:40+00:00,32,2,10996,106.5,106.5,106.5,106.5,15,MU
2025-03-20 21:35:20+00:00,32,2,10996,106.41,106.41,106.41,106.41,10,MU
2025-03-20 21:36:47+00:00,32,2,10996,106.4,106.4,106.4,106.4,1,MU
2025-03-20 21:36:50+00:00,32,2,10996,106.4,106.4,106.4,106.4,24,MU
2025-03-20 21:36:58+00:00,32,2,10996,106.4,106.4,106.4,106.4,1,MU
2025-03-20 21:37:12+00:00,32,2,10996,106.4,106.4,106.4,106.4,136,MU
2025-03-20 21:37:14+00:00,32,2,10996,106.5,106.5,106.5,106.5,70,MU
2025-03-20 21:37:16+00:00,32,2,10996,106.37,106.37,106.36,106.36,950,MU
2025-03-20 21:37:27+00:00,32,2,10996,106.41,106.5,106.41,106.42,11,MU
2025-03-20 21:37:29+00:00,32,2,10996,106.5,106.5,106.5,106.5,500,MU
2025-03-20 21:37:42+00:00,32,2,10996,106.55,106.55,106.55,106.55,55,MU
2025-03-20 21:38:11+00:00,32,2,10996,106.65,106.65,106.65,106.65,3,MU
2025-03-20 21:38:40+00:00,32,2,10996,106.62,106.62,106.62,106.62,100,MU
2025-03-20 21:39:10+00:00,32,2,10996,106.65,106.68,106.65,106.68,8,MU
2025-03-20 21:39:32+00:00,32,2,10996,106.6,106.6,106.6,106.6,25,MU
2025-03-20 21:40:02+00:00,32,2,10996,106.5,106.5,106.5,106.5,3,MU
2025-03-20 21:40:12+00:00,32,2,10996,106.42,106.42,106.35,106.35,28,MU
2025-03-20 21:40:18+00:00,32,2,10996,106.26,106.26,106.25,106.25,210,MU
2025-03-20 21:40:23+00:00,32,2,10996,106.22,106.22,106.22,106.22,1,MU
2025-03-20 21:40:29+00:00,32,2,10996,106.28,106.28,106.28,106.28,79,MU
2025-03-20 21:40:32+00:00,32,2,10996,106.22,106.22,106.22,106.22,249,MU
2025-03-20 21:40:34+00:00,32,2,10996,106.18,106.18,106.18,106.18,20,MU
2025-03-20 21:40:36+00:00,32,2,10996,106.15,106.15,106.15,106.15,25,MU
2025-03-20 21:40:43+00:00,32,2,10996,106.2,106.2,106.2,106.2,100,MU
2025-03-20 21:40:56+00:00,32,2,10996,106.16,106.16,106.16,106.16,158,MU
2025-03-20 21:41:08+00:00,32,2,10996,106.3,106.3,106.3,106.3,40,MU
2025-03-20 21:41:10+00:00,32,2,10996,106.3,106.3,106.3,106.3,10,MU
2025-03-20 21:41:26+00:00,32,2,10996,106.3,106.3,106.3,106.3,35,MU
2025-03-20 21:41:29+00:00,32,2,10996,106.3,106.3,106.3,106.3,15,MU
2025-03-20 21:43:05+00:00,32,2,10996,106.23,106.23,106.2,106.2,210,MU
2025-03-20 21:43:16+00:00,32,2,10996,106.2,106.2,106.18,106.18,526,MU
2025-03-20 21:43:50+00:00,32,2,10996,106.25,106.25,106.25,106.25,15,MU
2025-03-20 21:43:56+00:00,32,2,10996,106.33,106.33,106.33,106.33,100,MU
2025-03-20 21:43:58+00:00,32,2,10996,106.3,106.3,106.3,106.3,127,MU
2025-03-20 21:44:06+00:00,32,2,10996,106.32,106.32,106.32,106.32,3,MU
2025-03-20 21:44:13+00:00,32,2,10996,106.35,106.35,106.35,106.35,873,MU
2025-03-20 21:44:15+00:00,32,2,10996,106.35,106.35,106.35,106.35,26,MU
2025-03-20 21:44:51+00:00,32,2,10996,106.25,106.25,106.25,106.25,100,MU
2025-03-20 21:44:56+00:00,32,2,10996,106.27,106.27,106.27,106.27,10,MU
2025-03-20 21:45:26+00:00,32,2,10996,106.28,106.3,106.28,106.3,60,MU
2025-03-20 21:45:27+00:00,32,2,10996,106.3,106.3,106.3,106.3,140,MU
2025-03-20 21:45:49+00:00,32,2,10996,106.25,106.25,106.25,106.25,50,MU
2025-03-20 21:46:16+00:00,32,2,10996,106.15,106.15,106.13,106.13,30,MU
2025-03-20 21:46:33+00:00,32,2,10996,106.11,106.11,106.1,106.1,450,MU
2025-03-20 21:46:37+00:00,32,2,10996,106.0,106.0,106.0,106.0,946,MU
2025-03-20 21:46:38+00:00,32,2,10996,106.0,106.0,105.95,105.95,90,MU
2025-03-20 21:46:46+00:00,32,2,10996,105.95,105.95,105.95,105.95,10,MU
2025-03-20 21:46:55+00:00,32,2,10996,105.95,105.95,105.95,105.95,15,MU
2025-03-20 21:47:04+00:00,32,2,10996,106.0,106.0,106.0,106.0,250,MU
2025-03-20 21:47:05+00:00,32,2,10996,106.0,106.0,106.0,106.0,8,MU
2025-03-20 21:47:19+00:00,32,2,10996,106.03,106.03,106.03,106.03,75,MU
2025-03-20 21:47:44+00:00,32,2,10996,106.19,106.2,106.19,106.2,17,MU
2025-03-20 21:47:52+00:00,32,2,10996,106.26,106.27,106.26,106.27,950,MU
2025-03-20 21:48:14+00:00,32,2,10996,106.25,106.3,106.25,106.3,400,MU
2025-03-20 21:48:54+00:00,32,2,10996,106.3,106.3,106.3,106.3,9,MU
2025-03-20 21:48:55+00:00,32,2,10996,106.3,106.3,106.3,106.3,6,MU
2025-03-20 21:48:57+00:00,32,2,10996,106.3,106.3,106.3,106.3,1,MU
2025-03-20 21:48:58+00:00,32,2,10996,106.36,106.36,106.3,106.3,169,MU
2025-03-20 21:49:10+00:00,32,2,10996,106.29,106.29,106.29,106.29,100,MU
2025-03-20 21:49:12+00:00,32,2,10996,106.29,106.29,106.29,106.29,9,MU
2025-03-20 21:49:18+00:00,32,2,10996,106.25,106.25,106.25,106.25,34,MU
2025-03-20 21:49:19+00:00,32,2,10996,106.29,106.35,106.29,106.35,299,MU
2025-03-20 21:49:21+00:00,32,2,10996,106.26,106.26,106.25,106.25,100,MU
2025-03-20 21:49:22+00:00,32,2,10996,106.34,106.39,106.31,106.31,300,MU
2025-03-20 21:49:28+00:00,32,2,10996,106.38,106.39,106.36,106.36,457,MU
2025-03-20 21:49:54+00:00,32,2,10996,106.4,106.4,106.4,106.4,100,MU
2025-03-20 21:50:05+00:00,32,2,10996,106.5,106.5,106.5,106.5,15,MU
2025-03-20 21:50:06+00:00,32,2,10996,106.46,106.46,106.46,106.46,38,MU
2025-03-20 21:50:29+00:00,32,2,10996,106.49,106.49,106.49,106.49,450,MU
2025-03-20 21:50:32+00:00,32,2,10996,106.49,106.49,106.26,106.26,93,MU
2025-03-20 21:50:34+00:00,32,2,10996,106.25,106.25,106.25,106.25,429,MU
2025-03-20 21:50:44+00:00,32,2,10996,106.4,106.4,106.4,106.4,20,MU
2025-03-20 21:51:34+00:00,32,2,10996,106.4,106.4,106.4,106.4,86,MU
2025-03-20 21:52:01+00:00,32,2,10996,106.35,106.35,106.35,106.35,200,MU
2025-03-20 21:52:21+00:00,32,2,10996,106.35,106.35,106.35,106.35,10,MU
2025-03-20 21:52:55+00:00,32,2,10996,106.31,106.31,106.31,106.31,50,MU
2025-03-20 21:52:56+00:00,32,2,10996,106.31,106.31,106.31,106.31,25,MU
2025-03-20 21:53:02+00:00,32,2,10996,106.44,106.44,106.44,106.44,50,MU
2025-03-20 21:53:07+00:00,32,2,10996,106.32,106.32,106.32,106.32,15,MU
2025-03-20 21:53:21+00:00,32,2,10996,106.35,106.35,106.35,106.35,5,MU
2025-03-20 21:53:26+00:00,32,2,10996,106.45,106.45,106.45,106.45,40,MU
2025-03-20 21:53:37+00:00,32,2,10996,106.36,106.36,106.35,106.35,130,MU
2025-03-20 21:54:23+00:00,32,2,10996,106.34,106.34,106.34,106.34,10,MU
2025-03-20 21:54:46+00:00,32,2,10996,106.4,106.5,106.4,106.5,267,MU
2025-03-20 21:55:43+00:00,32,2,10996,106.52,106.53,106.52,106.53,105,MU
2025-03-20 21:56:29+00:00,32,2,10996,106.65,106.65,106.65,106.65,30,MU
2025-03-20 21:56:43+00:00,32,2,10996,106.62,106.62,106.62,106.62,25,MU
2025-03-20 21:57:08+00:00,32,2,10996,106.5,106.5,106.5,106.5,495,MU
2025-03-20 21:57:09+00:00,32,2,10996,106.5,106.5,106.5,106.5,23,MU
2025-03-20 21:58:08+00:00,32,2,10996,106.56,106.56,106.56,106.56,57,MU
2025-03-20 21:58:17+00:00,32,2,10996,106.56,106.56,106.56,106.56,15,MU
2025-03-20 21:58:28+00:00,32,2,10996,106.6,106.6,106.6,106.6,90,MU
2025-03-20 21:58:33+00:00,32,2,10996,106.6,106.6,106.6,106.6,454,MU
2025-03-20 21:59:06+00:00,32,2,10996,106.63,106.63,106.63,106.63,30,MU
2025-03-20 21:59:59+00:00,32,2,10996,106.67,106.67,106.67,106.67,21,MU
2025-03-20 22:00:00+00:00,32,2,10996,106.67,106.67,106.67,106.67,28,MU
2025-03-20 22:00:18+00:00,32,2,10996,106.67,106.67,106.67,106.67,7,MU
2025-03-20 22:00:21+00:00,32,2,10996,106.67,106.67,106.67,106.67,30,MU
2025-03-20 22:00:23+00:00,32,2,10996,106.67,106.67,106.67,106.67,115,MU
2025-03-20 22:01:54+00:00,32,2,10996,106.54,106.54,106.54,106.54,100,MU
2025-03-20 22:01:59+00:00,32,2,10996,106.51,106.51,106.51,106.51,78,MU
2025-03-20 22:02:01+00:00,32,2,10996,106.51,106.51,106.51,106.51,10,MU
2025-03-20 22:02:08+00:00,32,2,10996,106.51,106.51,106.51,106.51,2,MU
2025-03-20 22:03:17+00:00,32,2,10996,106.5,106.5,106.48,106.48,44,MU
2025-03-20 22:03:21+00:00,32,2,10996,106.48,106.48,106.48,106.48,5,MU
2025-03-20 22:03:22+00:00,32,2,10996,106.48,106.48,106.48,106.48,395,MU
2025-03-20 22:03:37+00:00,32,2,10996,106.45,106.45,106.45,106.45,3,MU
2025-03-20 22:03:47+00:00,32,2,10996,106.4,106.4,106.4,106.4,200,MU
2025-03-20 22:04:05+00:00,32,2,10996,106.39,106.39,106.39,106.39,10,MU
2025-03-20 22:04:39+00:00,32,2,10996,106.35,106.35,106.35,106.35,10,MU
2025-03-20 22:04:41+00:00,32,2,10996,106.32,106.32,106.3,106.3,190,MU
2025-03-20 22:04:49+00:00,32,2,10996,106.3,106.3,106.3,106.3,310,MU
2025-03-20 22:05:04+00:00,32,2,10996,106.32,106.32,106.32,106.32,90,MU
2025-03-20 22:05:11+00:00,32,2,10996,106.33,106.33,106.33,106.33,249,MU
2025-03-20 22:05:37+00:00,32,2,10996,106.19,106.2,106.19,106.2,170,MU
2025-03-20 22:06:07+00:00,32,2,10996,106.23,106.23,106.22,106.22,100,MU
2025-03-20 22:06:10+00:00,32,2,10996,106.22,106.22,106.21,106.21,225,MU
2025-03-20 22:06:11+00:00,32,2,10996,106.13,106.13,106.13,106.13,4,MU
2025-03-20 22:06:13+00:00,32,2,10996,106.12,106.12,106.12,106.12,50,MU
2025-03-20 22:06:47+00:00,32,2,10996,106.16,106.16,106.12,106.12,110,MU
2025-03-20 22:07:18+00:00,32,2,10996,106.01,106.01,106.01,106.01,26,MU
2025-03-20 22:07:26+00:00,32,2,10996,106.0,106.0,106.0,106.0,1252,MU
2025-03-20 22:07:27+00:00,32,2,10996,106.0,106.0,106.0,106.0,6,MU
2025-03-20 22:07:28+00:00,32,2,10996,106.0,106.0,106.0,106.0,2,MU
2025-03-20 22:07:29+00:00,32,2,10996,106.01,106.02,106.01,106.02,82,MU
2025-03-20 22:07:42+00:00,32,2,10996,105.95,105.95,105.95,105.95,60,MU
2025-03-20 22:07:45+00:00,32,2,10996,105.98,105.98,105.98,105.98,10,MU
2025-03-20 22:08:00+00:00,32,2,10996,105.96,105.96,105.95,105.95,51,MU
2025-03-20 22:08:09+00:00,32,2,10996,105.88,105.88,105.88,105.88,5,MU
2025-03-20 22:08:15+00:00,32,2,10996,105.85,105.85,105.84,105.84,2,MU
2025-03-20 22:08:16+00:00,32,2,10996,105.9,105.9,105.9,105.9,10,MU
2025-03-20 22:08:20+00:00,32,2,10996,105.83,105.83,105.81,105.81,600,MU
2025-03-20 22:08:21+00:00,32,2,10996,105.78,105.78,105.76,105.76,3,MU
2025-03-20 22:08:23+00:00,32,2,10996,105.75,105.75,105.75,105.75,400,MU
2025-03-20 22:08:36+00:00,32,2,10996,105.7,105.7,105.7,105.7,1,MU
2025-03-20 22:08:38+00:00,32,2,10996,105.7,105.71,105.7,105.71,237,MU
2025-03-20 22:08:39+00:00,32,2,10996,105.69,105.69,105.69,105.69,50,MU
2025-03-20 22:08:57+00:00,32,2,10996,105.75,105.75,105.7,105.7,80,MU
2025-03-20 22:09:03+00:00,32,2,10996,105.68,105.68,105.66,105.66,80,MU
2025-03-20 22:09:13+00:00,32,2,10996,105.65,105.65,105.65,105.65,555,MU
2025-03-20 22:09:14+00:00,32,2,10996,105.61,105.61,105.61,105.61,5,MU
2025-03-20 22:09:15+00:00,32,2,10996,105.6,105.6,105.6,105.6,200,MU
2025-03-20 22:09:17+00:00,32,2,10996,105.52,105.52,105.45,105.45,241,MU
2025-03-20 22:09:23+00:00,32,2,10996,105.41,105.41,105.41,105.41,10,MU
2025-03-20 22:09:24+00:00,32,2,10996,105.41,105.41,105.41,105.41,125,MU
2025-03-20 22:09:28+00:00,32,2,10996,105.35,105.35,105.33,105.33,52,MU
2025-03-20 22:09:34+00:00,32,2,10996,105.33,105.33,105.33,105.33,60,MU
2025-03-20 22:09:35+00:00,32,2,10996,105.33,105.33,105.33,105.33,25,MU
2025-03-20 22:09:42+00:00,32,2,10996,105.25,105.25,105.22,105.22,610,MU
2025-03-20 22:09:48+00:00,32,2,10996,105.09,105.09,105.09,105.09,21,MU
2025-03-20 22:09:49+00:00,32,2,10996,105.02,105.02,105.02,105.02,500,MU
2025-03-20 22:09:51+00:00,32,2,10996,105.01,105.01,105.0,105.0,4932,MU
2025-03-20 22:09:53+00:00,32,2,10996,105.0,105.02,105.0,105.02,245,MU
2025-03-20 22:09:59+00:00,32,2,10996,105.0,105.0,105.0,105.0,250,MU
2025-03-20 22:10:00+00:00,32,2,10996,105.0,105.0,104.9,104.9,245,MU
2025-03-20 22:10:01+00:00,32,2,10996,104.85,104.85,104.72,104.72,45,MU
2025-03-20 22:10:13+00:00,32,2,10996,104.94,104.95,104.94,104.95,100,MU
2025-03-20 22:10:17+00:00,32,2,10996,104.86,104.94,104.86,104.94,8,MU
2025-03-20 22:10:29+00:00,32,2,10996,104.85,104.85,104.85,104.85,30,MU
2025-03-20 22:10:32+00:00,32,2,10996,104.88,104.88,104.88,104.88,100,MU
2025-03-20 22:10:35+00:00,32,2,10996,104.85,104.85,104.85,104.85,20,MU
2025-03-20 22:10:38+00:00,32,2,10996,104.81,104.81,104.81,104.81,9,MU
2025-03-20 22:11:02+00:00,32,2,10996,104.9,104.9,104.9,104.9,4,MU
2025-03-20 22:11:03+00:00,32,2,10996,105.0,105.0,105.0,105.0,100,MU
2025-03-20 22:11:10+00:00,32,2,10996,105.15,105.15,105.15,105.15,15,MU
2025-03-20 22:11:30+00:00,32,2,10996,105.12,105.12,105.12,105.12,3,MU
2025-03-20 22:11:34+00:00,32,2,10996,105.19,105.19,105.19,105.19,50,MU
2025-03-20 22:12:16+00:00,32,2,10996,104.91,104.95,104.91,104.95,105,MU
2025-03-20 22:12:29+00:00,32,2,10996,105.0,105.0,105.0,105.0,50,MU
2025-03-20 22:12:30+00:00,32,2,10996,105.0,105.0,105.0,105.0,400,MU
2025-03-20 22:12:43+00:00,32,2,10996,105.1,105.1,105.1,105.1,100,MU
2025-03-20 22:13:11+00:00,32,2,10996,105.2,105.2,105.2,105.2,182,MU
2025-03-20 22:13:14+00:00,32,2,10996,105.2,105.2,105.2,105.2,16,MU
2025-03-20 22:13:15+00:00,32,2,10996,105.2,105.2,105.2,105.2,200,MU
2025-03-20 22:13:17+00:00,32,2,10996,105.2,105.2,105.2,105.2,103,MU
2025-03-20 22:13:29+00:00,32,2,10996,105.3,105.3,105.3,105.3,2,MU
2025-03-20 22:13:35+00:00,32,2,10996,105.3,105.3,105.3,105.3,40,MU
2025-03-20 22:13:36+00:00,32,2,10996,105.3,105.3,105.3,105.3,60,MU
2025-03-20 22:13:54+00:00,32,2,10996,105.3,105.3,105.3,105.3,10,MU
2025-03-20 22:14:19+00:00,32,2,10996,105.3,105.3,105.3,105.3,100,MU
2025-03-20 22:14:20+00:00,32,2,10996,105.26,105.26,105.26,105.26,350,MU
2025-03-20 22:14:41+00:00,32,2,10996,105.22,105.22,105.22,105.22,50,MU
2025-03-20 22:14:44+00:00,32,2,10996,105.22,105.22,105.22,105.22,20,MU
2025-03-20 22:14:49+00:00,32,2,10996,105.22,105.22,105.17,105.17,210,MU
2025-03-20 22:15:09+00:00,32,2,10996,105.1,105.1,105.1,105.1,20,MU
2025-03-20 22:15:24+00:00,32,2,10996,105.1,105.1,105.1,105.1,80,MU
2025-03-20 22:15:26+00:00,32,2,10996,105.2,105.2,105.2,105.2,47,MU
2025-03-20 22:15:54+00:00,32,2,10996,105.2,105.2,105.2,105.2,3,MU
2025-03-20 22:16:20+00:00,32,2,10996,105.2,105.2,105.2,105.2,8,MU
2025-03-20 22:17:21+00:00,32,2,10996,105.2,105.2,105.2,105.2,10,MU
2025-03-20 22:18:49+00:00,32,2,10996,105.25,105.25,105.25,105.25,1,MU
2025-03-20 22:19:23+00:00,32,2,10996,105.34,105.34,105.33,105.33,270,MU
2025-03-20 22:19:37+00:00,32,2,10996,105.35,105.35,105.35,105.35,200,MU
2025-03-20 22:19:50+00:00,32,2,10996,105.35,105.35,105.35,105.35,375,MU
2025-03-20 22:19:51+00:00,32,2,10996,105.35,105.35,105.35,105.35,890,MU
2025-03-20 22:19:52+00:00,32,2,10996,105.35,105.35,105.35,105.35,500,MU
2025-03-20 22:19:53+00:00,32,2,10996,105.35,105.35,105.35,105.35,35,MU
2025-03-20 22:19:56+00:00,32,2,10996,105.22,105.22,105.22,105.22,50,MU
2025-03-20 22:20:31+00:00,32,2,10996,105.31,105.31,105.31,105.31,35,MU
2025-03-20 22:21:09+00:00,32,2,10996,105.21,105.21,105.21,105.21,50,MU
2025-03-20 22:21:12+00:00,32,2,10996,105.18,105.18,105.18,105.18,30,MU
2025-03-20 22:21:13+00:00,32,2,10996,105.18,105.18,105.18,105.18,301,MU
2025-03-20 22:21:22+00:00,32,2,10996,105.21,105.21,105.15,105.15,100,MU
2025-03-20 22:22:10+00:00,32,2,10996,105.18,105.18,105.18,105.18,2,MU
2025-03-20 22:22:26+00:00,32,2,10996,105.18,105.18,105.18,105.18,77,MU
2025-03-20 22:22:28+00:00,32,2,10996,105.17,105.17,105.17,105.17,100,MU
2025-03-20 22:22:59+00:00,32,2,10996,105.24,105.24,105.24,105.24,15,MU
2025-03-20 22:23:45+00:00,32,2,10996,105.23,105.23,105.23,105.23,5,MU
2025-03-20 22:26:01+00:00,32,2,10996,105.16,105.16,105.16,105.16,140,MU
2025-03-20 22:26:06+00:00,32,2,10996,105.18,105.18,105.18,105.18,100,MU
2025-03-20 22:26:31+00:00,32,2,10996,105.15,105.15,105.12,105.12,445,MU
2025-03-20 22:26:45+00:00,32,2,10996,105.1,105.1,105.1,105.1,6,MU
2025-03-20 22:26:54+00:00,32,2,10996,105.1,105.1,105.1,105.1,100,MU
2025-03-20 22:26:55+00:00,32,2,10996,105.1,105.1,105.1,105.1,399,MU
2025-03-20 22:27:04+00:00,32,2,10996,105.09,105.19,105.09,105.19,348,MU
2025-03-20 22:27:07+00:00,32,2,10996,105.19,105.19,105.19,105.19,100,MU
2025-03-20 22:27:10+00:00,32,2,10996,105.19,105.19,105.19,105.19,550,MU
2025-03-20 22:27:11+00:00,32,2,10996,105.19,105.19,105.19,105.19,100,MU
2025-03-20 22:27:22+00:00,32,2,10996,105.25,105.25,105.25,105.25,2,MU
2025-03-20 22:27:34+00:00,32,2,10996,105.23,105.23,105.19,105.19,400,MU
2025-03-20 22:27:55+00:00,32,2,10996,105.2,105.2,105.2,105.2,750,MU
2025-03-20 22:28:12+00:00,32,2,10996,105.21,105.21,105.19,105.19,500,MU
2025-03-20 22:28:18+00:00,32,2,10996,105.19,105.19,105.19,105.19,1149,MU
2025-03-20 22:29:18+00:00,32,2,10996,105.16,105.16,105.16,105.16,5,MU
2025-03-20 22:30:23+00:00,32,2,10996,105.11,105.11,105.11,105.11,300,MU
2025-03-20 22:30:32+00:00,32,2,10996,105.05,105.05,105.05,105.05,11,MU
2025-03-20 22:30:57+00:00,32,2,10996,105.0,105.0,105.0,105.0,229,MU
2025-03-20 22:30:58+00:00,32,2,10996,105.02,105.02,104.99,104.99,195,MU
2025-03-20 22:31:04+00:00,32,2,10996,104.94,104.94,104.94,104.94,10,MU
2025-03-20 22:33:10+00:00,32,2,10996,105.0,105.0,105.0,105.0,2428,MU
2025-03-20 22:33:21+00:00,32,2,10996,105.03,105.03,105.02,105.02,10,MU
2025-03-20 22:34:38+00:00,32,2,10996,105.27,105.27,105.27,105.27,120,MU
2025-03-20 22:34:39+00:00,32,2,10996,105.27,105.27,105.27,105.27,6,MU
2025-03-20 22:34:40+00:00,32,2,10996,105.27,105.27,105.27,105.27,10,MU
2025-03-20 22:34:41+00:00,32,2,10996,105.27,105.27,105.27,105.27,64,MU
2025-03-20 22:34:52+00:00,32,2,10996,105.25,105.25,105.25,105.25,1,MU
2025-03-20 22:34:54+00:00,32,2,10996,105.25,105.25,105.25,105.25,14,MU
2025-03-20 22:35:29+00:00,32,2,10996,105.26,105.26,105.26,105.26,100,MU
2025-03-20 22:36:00+00:00,32,2,10996,105.27,105.27,105.27,105.27,9,MU
2025-03-20 22:37:42+00:00,32,2,10996,105.1,105.1,105.1,105.1,101,MU
2025-03-20 22:38:01+00:00,32,2,10996,105.18,105.18,105.18,105.18,1,MU
2025-03-20 22:38:23+00:00,32,2,10996,105.14,105.14,105.14,105.14,25,MU
2025-03-20 22:38:29+00:00,32,2,10996,105.14,105.14,105.14,105.14,200,MU
2025-03-20 22:38:30+00:00,32,2,10996,105.14,105.14,105.14,105.14,575,MU
2025-03-20 22:38:51+00:00,32,2,10996,105.19,105.19,105.19,105.19,9,MU
2025-03-20 22:39:01+00:00,32,2,10996,105.19,105.19,105.19,105.19,41,MU
2025-03-20 22:39:05+00:00,32,2,10996,105.19,105.19,105.19,105.19,59,MU
2025-03-20 22:39:40+00:00,32,2,10996,105.19,105.19,105.19,105.19,5,MU
2025-03-20 22:39:54+00:00,32,2,10996,105.22,105.24,105.22,105.24,51,MU
2025-03-20 22:41:34+00:00,32,2,10996,105.15,105.15,105.15,105.15,150,MU
2025-03-20 22:41:53+00:00,32,2,10996,105.2,105.2,105.2,105.2,2,MU
2025-03-20 22:41:58+00:00,32,2,10996,105.2,105.2,105.2,105.2,15,MU
2025-03-20 22:42:06+00:00,32,2,10996,105.2,105.2,105.2,105.2,1,MU
2025-03-20 22:42:11+00:00,32,2,10996,105.2,105.2,105.2,105.2,59,MU
2025-03-20 22:42:39+00:00,32,2,10996,105.23,105.23,105.23,105.23,49,MU
2025-03-20 22:42:42+00:00,32,2,10996,105.21,105.21,105.21,105.21,10,MU
2025-03-20 22:42:44+00:00,32,2,10996,105.25,105.25,105.25,105.25,2,MU
2025-03-20 22:42:48+00:00,32,2,10996,105.25,105.25,105.25,105.25,34,MU
2025-03-20 22:43:01+00:00,32,2,10996,105.21,105.21,105.21,105.21,45,MU
2025-03-20 22:43:38+00:00,32,2,10996,105.24,105.24,105.24,105.24,30,MU
2025-03-20 22:43:44+00:00,32,2,10996,105.24,105.27,105.24,105.27,625,MU
2025-03-20 22:43:59+00:00,32,2,10996,105.28,105.28,105.28,105.28,412,MU
2025-03-20 22:44:24+00:00,32,2,10996,105.26,105.26,105.26,105.26,11,MU
2025-03-20 22:44:25+00:00,32,2,10996,105.25,105.25,105.25,105.25,50,MU
2025-03-20 22:44:35+00:00,32,2,10996,105.21,105.21,105.2,105.2,105,MU
2025-03-20 22:44:43+00:00,32,2,10996,105.2,105.45,105.2,105.25,252,MU
2025-03-20 22:44:54+00:00,32,2,10996,105.21,105.21,105.2,105.2,1000,MU
2025-03-20 22:44:58+00:00,32,2,10996,105.2,105.2,105.2,105.2,370,MU
2025-03-20 22:45:32+00:00,32,2,10996,105.19,105.19,105.19,105.19,6,MU
2025-03-20 22:45:53+00:00,32,2,10996,105.18,105.18,105.14,105.14,31,MU
2025-03-20 22:46:44+00:00,32,2,10996,105.15,105.15,105.15,105.15,53,MU
2025-03-20 22:47:14+00:00,32,2,10996,105.15,105.15,105.13,105.13,310,MU
2025-03-20 22:47:35+00:00,32,2,10996,105.17,105.17,105.17,105.17,52,MU
2025-03-20 22:47:45+00:00,32,2,10996,105.18,105.18,105.18,105.18,24,MU
2025-03-20 22:48:17+00:00,32,2,10996,105.18,105.18,105.18,105.18,1,MU
2025-03-20 22:48:30+00:00,32,2,10996,105.19,105.19,105.19,105.19,1,MU
2025-03-20 22:48:35+00:00,32,2,10996,105.18,105.18,105.17,105.17,5,MU
2025-03-20 22:48:52+00:00,32,2,10996,105.13,105.13,105.1,105.1,811,MU
2025-03-20 22:49:04+00:00,32,2,10996,105.0,105.0,105.0,105.0,80,MU
2025-03-20 22:49:05+00:00,32,2,10996,104.95,104.95,104.95,104.95,495,MU
2025-03-20 22:49:06+00:00,32,2,10996,104.95,104.95,104.95,104.95,5,MU
2025-03-20 22:49:08+00:00,32,2,10996,104.9,104.9,104.85,104.85,350,MU
2025-03-20 22:49:09+00:00,32,2,10996,104.82,104.82,104.8,104.8,45,MU
2025-03-20 22:49:15+00:00,32,2,10996,104.79,104.8,104.79,104.8,283,MU
2025-03-20 22:49:16+00:00,32,2,10996,104.8,104.8,104.8,104.8,1,MU
2025-03-20 22:49:19+00:00,32,2,10996,104.8,104.8,104.8,104.8,1,MU
2025-03-20 22:49:28+00:00,32,2,10996,104.76,104.76,104.75,104.75,71,MU
2025-03-20 22:49:29+00:00,32,2,10996,104.7,104.7,104.7,104.7,100,MU
2025-03-20 22:49:30+00:00,32,2,10996,104.64,104.76,104.64,104.76,205,MU
2025-03-20 22:49:43+00:00,32,2,10996,104.8,104.8,104.8,104.8,15,MU
2025-03-20 22:49:55+00:00,32,2,10996,104.83,104.83,104.83,104.83,100,MU
2025-03-20 22:49:57+00:00,32,2,10996,104.83,104.83,104.82,104.82,235,MU
2025-03-20 22:50:07+00:00,32,2,10996,104.85,104.85,104.85,104.85,1,MU
2025-03-20 22:50:09+00:00,32,2,10996,104.8,104.8,104.8,104.8,1,MU
2025-03-20 22:50:14+00:00,32,2,10996,104.81,104.81,104.81,104.81,1,MU
2025-03-20 22:51:17+00:00,32,2,10996,104.93,104.98,104.93,104.98,2,MU
2025-03-20 22:51:20+00:00,32,2,10996,104.98,104.98,104.98,104.98,18,MU
2025-03-20 22:51:29+00:00,32,2,10996,104.92,104.92,104.9,104.9,101,MU
2025-03-20 22:51:34+00:00,32,2,10996,104.85,104.85,104.85,104.85,9,MU
2025-03-20 22:51:49+00:00,32,2,10996,104.9,104.9,104.9,104.9,9430,MU
2025-03-20 22:52:23+00:00,32,2,10996,104.91,104.92,104.91,104.92,3,MU
2025-03-20 22:52:26+00:00,32,2,10996,104.9,104.9,104.85,104.85,302,MU
2025-03-20 22:53:14+00:00,32,2,10996,104.73,104.73,104.73,104.73,3,MU
2025-03-20 22:53:26+00:00,32,2,10996,104.74,104.74,104.74,104.74,1,MU
2025-03-20 22:53:29+00:00,32,2,10996,104.73,104.74,104.73,104.74,200,MU
2025-03-20 22:53:34+00:00,32,2,10996,104.73,104.73,104.73,104.73,1,MU
2025-03-20 22:53:38+00:00,32,2,10996,104.74,104.74,104.74,104.74,2,MU
2025-03-20 22:53:41+00:00,32,2,10996,104.73,104.73,104.73,104.73,69,MU
2025-03-20 22:53:42+00:00,32,2,10996,104.73,104.76,104.73,104.76,523,MU
2025-03-20 22:53:43+00:00,32,2,10996,104.78,104.79,104.78,104.79,2,MU
2025-03-20 22:53:53+00:00,32,2,10996,104.79,104.79,104.79,104.79,200,MU
2025-03-20 22:54:12+00:00,32,2,10996,104.82,104.82,104.82,104.82,7,MU
2025-03-20 22:54:57+00:00,32,2,10996,104.82,104.82,104.82,104.82,93,MU
2025-03-20 22:55:04+00:00,32,2,10996,104.82,104.82,104.82,104.82,7,MU
2025-03-20 22:55:13+00:00,32,2,10996,104.78,104.78,104.78,104.78,322,MU
2025-03-20 22:55:14+00:00,32,2,10996,104.78,104.78,104.78,104.78,178,MU
2025-03-20 22:56:12+00:00,32,2,10996,104.75,104.75,104.75,104.75,1,MU
2025-03-20 22:56:19+00:00,32,2,10996,104.77,104.77,104.77,104.77,1,MU
2025-03-20 22:56:35+00:00,32,2,10996,104.73,104.73,104.73,104.73,71,MU
2025-03-20 22:56:36+00:00,32,2,10996,104.73,104.73,104.72,104.72,79,MU
2025-03-20 22:56:53+00:00,32,2,10996,104.69,104.69,104.69,104.69,1,MU
2025-03-20 22:57:02+00:00,32,2,10996,104.7,104.7,104.7,104.7,1,MU
2025-03-20 22:57:10+00:00,32,2,10996,104.7,104.7,104.7,104.7,1,MU
2025-03-20 22:57:23+00:00,32,2,10996,104.71,104.71,104.71,104.71,1,MU
2025-03-20 22:57:30+00:00,32,2,10996,104.7,104.7,104.7,104.7,2,MU
2025-03-20 22:57:31+00:00,32,2,10996,104.72,104.72,104.72,104.72,1,MU
2025-03-20 22:57:43+00:00,32,2,10996,104.73,104.75,104.73,104.75,10,MU
2025-03-20 22:58:15+00:00,32,2,10996,104.74,104.75,104.74,104.75,4,MU
2025-03-20 22:58:18+00:00,32,2,10996,104.76,104.76,104.76,104.76,1,MU
2025-03-20 22:58:24+00:00,32,2,10996,104.77,104.77,104.77,104.77,2,MU
2025-03-20 22:58:32+00:00,32,2,10996,104.75,104.75,104.75,104.75,418,MU
2025-03-20 22:58:37+00:00,32,2,10996,104.75,104.75,104.75,104.75,100,MU
2025-03-20 22:58:38+00:00,32,2,10996,104.75,104.75,104.75,104.75,30,MU
2025-03-20 22:58:42+00:00,32,2,10996,104.76,104.76,104.76,104.76,5,MU
2025-03-20 22:58:50+00:00,32,2,10996,104.75,104.75,104.75,104.75,52,MU
2025-03-20 22:59:34+00:00,32,2,10996,104.75,104.75,104.75,104.75,9,MU
2025-03-20 22:59:45+00:00,32,2,10996,104.77,104.77,104.77,104.77,5,MU
2025-03-20 22:59:49+00:00,32,2,10996,104.76,104.76,104.76,104.76,33,MU
2025-03-20 22:59:51+00:00,32,2,10996,104.7,104.7,104.7,104.7,400,MU
2025-03-20 23:01:32+00:00,32,2,10996,104.68,104.68,104.68,104.68,68,MU
2025-03-20 23:01:48+00:00,32,2,10996,104.64,104.64,104.61,104.61,102,MU
2025-03-20 23:02:47+00:00,32,2,10996,104.69,104.69,104.69,104.69,1,MU
2025-03-20 23:03:36+00:00,32,2,10996,104.69,104.69,104.69,104.69,1,MU
2025-03-20 23:04:20+00:00,32,2,10996,104.69,104.72,104.69,104.72,107,MU
2025-03-20 23:04:21+00:00,32,2,10996,104.73,104.79,104.73,104.79,230,MU
2025-03-20 23:04:37+00:00,32,2,10996,105.0,105.0,105.0,105.0,279,MU
2025-03-20 23:04:38+00:00,32,2,10996,105.03,105.03,105.03,105.03,50,MU
2025-03-20 23:04:40+00:00,32,2,10996,105.1,105.1,104.68,104.68,1898,MU
2025-03-20 23:04:41+00:00,32,2,10996,104.68,104.68,104.67,104.68,2486,MU
2025-03-20 23:04:42+00:00,32,2,10996,104.68,104.68,104.68,104.68,333,MU
2025-03-20 23:04:58+00:00,32,2,10996,104.84,104.84,104.84,104.84,25,MU
2025-03-20 23:05:09+00:00,32,2,10996,104.78,104.81,104.78,104.81,1000,MU
2025-03-20 23:05:13+00:00,32,2,10996,104.81,104.81,104.81,104.81,50,MU
2025-03-20 23:05:19+00:00,32,2,10996,104.8,104.81,104.8,104.81,2500,MU
2025-03-20 23:05:20+00:00,32,2,10996,104.81,104.81,104.81,104.81,708,MU
2025-03-20 23:06:06+00:00,32,2,10996,104.85,104.85,104.85,104.85,22,MU
2025-03-20 23:06:20+00:00,32,2,10996,104.85,104.85,104.85,104.85,94,MU
2025-03-20 23:06:55+00:00,32,2,10996,104.72,104.72,104.72,104.72,100,MU
2025-03-20 23:07:08+00:00,32,2,10996,104.79,104.79,104.79,104.79,10,MU
2025-03-20 23:07:17+00:00,32,2,10996,104.75,104.75,104.75,104.75,260,MU
2025-03-20 23:07:21+00:00,32,2,10996,104.75,104.75,104.75,104.75,157,MU
2025-03-20 23:07:36+00:00,32,2,10996,104.77,104.77,104.77,104.77,23,MU
2025-03-20 23:08:06+00:00,32,2,10996,104.75,104.75,104.75,104.75,100,MU
2025-03-20 23:08:07+00:00,32,2,10996,104.77,104.77,104.77,104.77,75,MU
2025-03-20 23:08:30+00:00,32,2,10996,104.77,104.77,104.77,104.77,2,MU
2025-03-20 23:09:14+00:00,32,2,10996,104.85,104.85,104.85,104.85,100,MU
2025-03-20 23:09:15+00:00,32,2,10996,104.89,104.9,104.89,104.9,72,MU
2025-03-20 23:09:23+00:00,32,2,10996,104.9,104.9,104.9,104.9,195,MU
2025-03-20 23:10:00+00:00,32,2,10996,104.93,104.93,104.93,104.93,100,MU
2025-03-20 23:10:10+00:00,32,2,10996,104.94,104.94,104.94,104.94,100,MU
2025-03-20 23:10:18+00:00,32,2,10996,104.95,104.95,104.95,104.95,200,MU
2025-03-20 23:10:22+00:00,32,2,10996,105.0,105.0,105.0,105.0,124,MU
2025-03-20 23:10:24+00:00,32,2,10996,105.1,105.1,105.1,105.1,151,MU
2025-03-20 23:10:28+00:00,32,2,10996,105.1,105.1,105.1,105.1,91,MU
2025-03-20 23:10:33+00:00,32,2,10996,104.96,104.96,104.96,104.96,73,MU
2025-03-20 23:11:48+00:00,32,2,10996,105.05,105.05,105.0,105.0,25,MU
2025-03-20 23:12:12+00:00,32,2,10996,105.1,105.1,105.1,105.1,60,MU
2025-03-20 23:12:53+00:00,32,2,10996,105.06,105.06,105.06,105.06,5,MU
2025-03-20 23:13:05+00:00,32,2,10996,105.06,105.06,105.06,105.06,9,MU
2025-03-20 23:13:09+00:00,32,2,10996,105.06,105.1,105.06,105.1,20,MU
2025-03-20 23:13:13+00:00,32,2,10996,105.1,105.1,105.1,105.1,26,MU
2025-03-20 23:13:26+00:00,32,2,10996,105.15,105.15,105.15,105.15,1,MU
2025-03-20 23:13:30+00:00,32,2,10996,105.15,105.15,105.15,105.15,1,MU
2025-03-20 23:13:49+00:00,32,2,10996,105.15,105.15,105.15,105.15,8,MU
2025-03-20 23:14:25+00:00,32,2,10996,105.18,105.22,105.18,105.2,312,MU
2025-03-20 23:14:29+00:00,32,2,10996,105.22,105.22,105.22,105.22,298,MU
2025-03-20 23:14:36+00:00,32,2,10996,105.25,105.25,105.25,105.25,10,MU
2025-03-20 23:14:52+00:00,32,2,10996,105.23,105.24,105.23,105.24,104,MU
2025-03-20 23:14:54+00:00,32,2,10996,105.24,105.24,105.24,105.24,1,MU
2025-03-20 23:14:56+00:00,32,2,10996,105.23,105.24,105.23,105.24,464,MU
2025-03-20 23:15:11+00:00,32,2,10996,105.2,105.2,105.17,105.17,101,MU
2025-03-20 23:15:20+00:00,32,2,10996,105.17,105.17,105.15,105.15,105,MU
2025-03-20 23:15:49+00:00,32,2,10996,105.06,105.06,105.06,105.06,1,MU
2025-03-20 23:15:53+00:00,32,2,10996,105.07,105.07,105.07,105.07,1,MU
2025-03-20 23:15:55+00:00,32,2,10996,105.08,105.08,105.08,105.08,1,MU
2025-03-20 23:15:57+00:00,32,2,10996,105.09,105.09,105.09,105.09,1,MU
2025-03-20 23:15:59+00:00,32,2,10996,105.1,105.1,105.1,105.1,1,MU
2025-03-20 23:16:11+00:00,32,2,10996,105.11,105.11,105.11,105.11,1,MU
2025-03-20 23:16:41+00:00,32,2,10996,105.02,105.02,105.01,105.01,20,MU
2025-03-20 23:17:18+00:00,32,2,10996,105.05,105.05,105.05,105.05,2,MU
2025-03-20 23:18:35+00:00,32,2,10996,105.07,105.22,105.07,105.22,590,MU
2025-03-20 23:18:48+00:00,32,2,10996,105.02,105.02,105.0,105.0,1350,MU
2025-03-20 23:19:18+00:00,32,2,10996,104.96,104.96,104.96,104.96,2,MU
2025-03-20 23:19:41+00:00,32,2,10996,104.85,104.85,104.85,104.85,104,MU
2025-03-20 23:20:26+00:00,32,2,10996,104.95,104.95,104.95,104.95,5,MU
2025-03-20 23:21:08+00:00,32,2,10996,104.95,104.97,104.95,104.97,25,MU
2025-03-20 23:21:19+00:00,32,2,10996,104.96,104.96,104.96,104.96,44,MU
2025-03-20 23:21:25+00:00,32,2,10996,104.96,104.96,104.96,104.96,156,MU
2025-03-20 23:22:34+00:00,32,2,10996,104.96,104.96,104.96,104.96,5,MU
2025-03-20 23:22:57+00:00,32,2,10996,104.93,104.93,104.93,104.93,500,MU
2025-03-20 23:24:18+00:00,32,2,10996,104.88,104.88,104.88,104.88,20,MU
2025-03-20 23:24:21+00:00,32,2,10996,104.88,104.88,104.88,104.88,20,MU
2025-03-20 23:24:24+00:00,32,2,10996,104.88,104.88,104.88,104.88,20,MU
2025-03-20 23:24:25+00:00,32,2,10996,104.88,104.88,104.88,104.88,40,MU
2025-03-20 23:24:26+00:00,32,2,10996,104.86,104.86,104.86,104.86,40,MU
2025-03-20 23:24:31+00:00,32,2,10996,104.86,104.86,104.86,104.86,6,MU
2025-03-20 23:24:55+00:00,32,2,10996,104.92,104.92,104.92,104.92,14,MU
2025-03-20 23:26:14+00:00,32,2,10996,104.95,104.95,104.95,104.95,2,MU
2025-03-20 23:27:09+00:00,32,2,10996,104.95,104.95,104.95,104.95,1,MU
2025-03-20 23:28:37+00:00,32,2,10996,104.95,104.95,104.95,104.95,100,MU
2025-03-20 23:28:39+00:00,32,2,10996,104.98,105.0,104.98,105.0,257,MU
2025-03-20 23:28:40+00:00,32,2,10996,105.0,105.0,105.0,105.0,400,MU
2025-03-20 23:28:43+00:00,32,2,10996,105.0,105.0,105.0,105.0,9,MU
2025-03-20 23:29:55+00:00,32,2,10996,104.95,104.95,104.95,104.95,25,MU
2025-03-20 23:30:07+00:00,32,2,10996,104.99,104.99,104.99,104.99,10,MU
2025-03-20 23:30:18+00:00,32,2,10996,104.95,104.95,104.95,104.95,479,MU
2025-03-20 23:30:57+00:00,32,2,10996,104.92,104.92,104.91,104.91,110,MU
2025-03-20 23:31:32+00:00,32,2,10996,104.86,104.86,104.81,104.81,204,MU
2025-03-20 23:31:43+00:00,32,2,10996,104.79,104.79,104.77,104.77,11,MU
2025-03-20 23:31:45+00:00,32,2,10996,104.77,104.77,104.75,104.75,1020,MU
2025-03-20 23:32:03+00:00,32,2,10996,104.7,104.7,104.7,104.7,25,MU
2025-03-20 23:32:08+00:00,32,2,10996,104.7,104.7,104.7,104.7,75,MU
2025-03-20 23:32:25+00:00,32,2,10996,104.78,104.78,104.78,104.78,135,MU
2025-03-20 23:32:38+00:00,32,2,10996,104.69,104.69,104.69,104.69,29,MU
2025-03-20 23:32:43+00:00,32,2,10996,104.69,104.69,104.69,104.69,71,MU
2025-03-20 23:32:45+00:00,32,2,10996,104.66,104.66,104.66,104.66,100,MU
2025-03-20 23:32:46+00:00,32,2,10996,104.66,104.66,104.66,104.66,16,MU
2025-03-20 23:32:47+00:00,32,2,10996,104.66,104.66,104.65,104.65,184,MU
2025-03-20 23:32:49+00:00,32,2,10996,104.63,104.63,104.63,104.63,130,MU
2025-03-20 23:32:51+00:00,32,2,10996,104.63,104.63,104.63,104.63,70,MU
2025-03-20 23:33:05+00:00,32,2,10996,104.61,104.61,104.6,104.6,9,MU
2025-03-20 23:33:10+00:00,32,2,10996,104.6,104.6,104.6,104.6,45,MU
2025-03-20 23:33:46+00:00,32,2,10996,104.55,104.55,104.55,104.55,5,MU
2025-03-20 23:33:52+00:00,32,2,10996,104.54,104.54,104.54,104.54,2,MU
2025-03-20 23:34:30+00:00,32,2,10996,104.52,104.52,104.51,104.51,110,MU
2025-03-20 23:34:39+00:00,32,2,10996,104.5,104.5,104.5,104.5,100,MU
2025-03-20 23:34:48+00:00,32,2,10996,104.51,104.51,104.51,104.51,11,MU
2025-03-20 23:35:12+00:00,32,2,10996,104.52,104.52,104.52,104.52,50,MU
2025-03-20 23:35:13+00:00,32,2,10996,104.5,104.5,104.5,104.5,44,MU
2025-03-20 23:35:17+00:00,32,2,10996,104.5,104.5,104.5,104.5,216,MU
2025-03-20 23:35:18+00:00,32,2,10996,104.49,104.49,104.49,104.49,500,MU
2025-03-20 23:35:19+00:00,32,2,10996,104.49,104.49,104.49,104.49,1,MU
2025-03-20 23:35:20+00:00,32,2,10996,104.45,104.45,104.45,104.45,49,MU
2025-03-20 23:35:56+00:00,32,2,10996,104.45,104.45,104.45,104.45,100,MU
2025-03-20 23:36:53+00:00,32,2,10996,104.66,104.66,104.66,104.66,15,MU
2025-03-20 23:36:58+00:00,32,2,10996,104.66,104.66,104.66,104.66,100,MU
2025-03-20 23:36:59+00:00,32,2,10996,104.51,104.51,104.51,104.51,100,MU
2025-03-20 23:37:03+00:00,32,2,10996,104.5,104.5,104.5,104.5,50,MU
2025-03-20 23:38:42+00:00,32,2,10996,104.75,104.75,104.75,104.75,50,MU
2025-03-20 23:39:31+00:00,32,2,10996,104.55,104.55,104.52,104.52,186,MU
2025-03-20 23:40:12+00:00,32,2,10996,104.44,104.44,104.41,104.41,12,MU
2025-03-20 23:40:18+00:00,32,2,10996,104.48,104.48,104.48,104.48,22,MU
2025-03-20 23:40:19+00:00,32,2,10996,104.48,104.48,104.48,104.48,178,MU
2025-03-20 23:40:32+00:00,32,2,10996,104.49,104.49,104.49,104.49,20,MU
2025-03-20 23:40:33+00:00,32,2,10996,104.4,104.4,104.4,104.4,800,MU
2025-03-20 23:40:34+00:00,32,2,10996,104.39,104.39,104.39,104.39,60,MU
2025-03-20 23:40:36+00:00,32,2,10996,104.39,104.4,104.39,104.4,150,MU
2025-03-20 23:40:37+00:00,32,2,10996,104.4,104.4,104.4,104.4,3291,MU
2025-03-20 23:40:43+00:00,32,2,10996,104.4,104.4,104.4,104.4,255,MU
2025-03-20 23:41:48+00:00,32,2,10996,104.38,104.38,104.3,104.3,983,MU
2025-03-20 23:42:30+00:00,32,2,10996,104.3,104.3,104.3,104.3,54,MU
2025-03-20 23:42:35+00:00,32,2,10996,104.27,104.27,104.27,104.27,100,MU
2025-03-20 23:42:40+00:00,32,2,10996,104.27,104.27,104.27,104.27,1,MU
2025-03-20 23:42:42+00:00,32,2,10996,104.26,104.3,104.26,104.3,305,MU
2025-03-20 23:42:44+00:00,32,2,10996,104.3,104.3,104.3,104.3,200,MU
2025-03-20 23:43:28+00:00,32,2,10996,104.3,104.3,104.3,104.3,40,MU
2025-03-20 23:44:57+00:00,32,2,10996,104.28,104.28,104.28,104.28,100,MU
2025-03-20 23:47:30+00:00,32,2,10996,104.27,104.27,104.25,104.25,723,MU
2025-03-20 23:47:33+00:00,32,2,10996,104.23,104.23,104.22,104.22,11,MU
2025-03-20 23:48:35+00:00,32,2,10996,104.24,104.24,104.24,104.24,100,MU
2025-03-20 23:48:52+00:00,32,2,10996,104.25,104.25,104.25,104.25,2,MU
2025-03-20 23:48:53+00:00,32,2,10996,104.25,104.25,104.25,104.25,350,MU
2025-03-20 23:48:54+00:00,32,2,10996,104.25,104.25,104.25,104.25,5,MU
2025-03-20 23:48:59+00:00,32,2,10996,104.25,104.25,104.25,104.25,107,MU
2025-03-20 23:49:00+00:00,32,2,10996,104.25,104.25,104.25,104.25,80,MU
2025-03-20 23:49:21+00:00,32,2,10996,104.24,104.25,104.24,104.25,100,MU
2025-03-20 23:49:23+00:00,32,2,10996,104.25,104.25,104.25,104.25,125,MU
2025-03-20 23:49:28+00:00,32,2,10996,104.23,104.23,103.95,103.95,2090,MU
2025-03-20 23:49:48+00:00,32,2,10996,103.99,103.99,103.99,103.99,100,MU
2025-03-20 23:50:17+00:00,32,2,10996,103.95,103.95,103.95,103.95,11,MU
2025-03-20 23:50:39+00:00,32,2,10996,104.0,104.0,104.0,104.0,226,MU
2025-03-20 23:51:14+00:00,32,2,10996,104.0,104.0,104.0,104.0,200,MU
2025-03-20 23:51:19+00:00,32,2,10996,103.98,103.98,103.98,103.98,20,MU
2025-03-20 23:52:03+00:00,32,2,10996,104.0,104.0,104.0,104.0,55,MU
2025-03-20 23:52:42+00:00,32,2,10996,104.0,104.0,104.0,104.0,100,MU
2025-03-20 23:52:46+00:00,32,2,10996,104.0,104.0,104.0,104.0,99,MU
2025-03-20 23:52:53+00:00,32,2,10996,104.0,104.0,104.0,104.0,22,MU
2025-03-20 23:52:55+00:00,32,2,10996,104.0,104.0,104.0,104.0,179,MU
2025-03-20 23:52:59+00:00,32,2,10996,103.99,103.99,103.99,103.99,100,MU
2025-03-20 23:53:25+00:00,32,2,10996,104.0,104.0,104.0,104.0,100,MU
2025-03-20 23:53:36+00:00,32,2,10996,104.0,104.0,104.0,104.0,99,MU
2025-03-20 23:53:42+00:00,32,2,10996,103.95,103.95,103.95,103.95,100,MU
2025-03-20 23:53:43+00:00,32,2,10996,103.9,103.9,103.9,103.9,196,MU
2025-03-20 23:53:44+00:00,32,2,10996,103.9,103.9,103.9,103.9,316,MU
2025-03-20 23:53:50+00:00,32,2,10996,103.85,103.85,103.85,103.85,50,MU
2025-03-20 23:54:07+00:00,32,2,10996,103.8,103.8,103.8,103.8,300,MU
2025-03-20 23:54:14+00:00,32,2,10996,103.81,103.81,103.8,103.8,568,MU
2025-03-20 23:54:17+00:00,32,2,10996,103.8,103.8,103.8,103.8,2,MU
2025-03-20 23:54:31+00:00,32,2,10996,103.86,103.86,103.86,103.86,20,MU
2025-03-20 23:54:32+00:00,32,2,10996,103.86,103.86,103.86,103.86,1314,MU
2025-03-20 23:54:33+00:00,32,2,10996,103.86,103.86,103.86,103.86,1300,MU
2025-03-20 23:54:34+00:00,32,2,10996,103.86,103.86,103.86,103.86,30,MU
2025-03-20 23:54:36+00:00,32,2,10996,103.86,103.86,103.86,103.86,5,MU
2025-03-20 23:54:40+00:00,32,2,10996,103.84,103.84,103.84,103.84,10,MU
2025-03-20 23:54:48+00:00,32,2,10996,103.85,103.85,103.85,103.85,3,MU
2025-03-20 23:54:55+00:00,32,2,10996,103.85,103.85,103.85,103.85,1,MU
2025-03-20 23:55:03+00:00,32,2,10996,103.85,103.85,103.85,103.85,6,MU
2025-03-20 23:55:22+00:00,32,2,10996,103.85,103.85,103.85,103.85,94,MU
2025-03-20 23:55:24+00:00,32,2,10996,103.86,103.86,103.86,103.86,131,MU
2025-03-20 23:55:25+00:00,32,2,10996,103.99,104.0,103.99,104.0,340,MU
2025-03-20 23:55:57+00:00,32,2,10996,103.9,103.9,103.9,103.9,81,MU
2025-03-20 23:56:09+00:00,32,2,10996,103.9,103.9,103.9,103.9,100,MU
2025-03-20 23:56:20+00:00,32,2,10996,103.9,103.9,103.9,103.9,19,MU
2025-03-20 23:56:40+00:00,32,2,10996,104.04,104.1,104.04,104.1,99,MU
2025-03-20 23:56:45+00:00,32,2,10996,103.9,103.9,103.9,103.9,55,MU
2025-03-20 23:57:23+00:00,32,2,10996,103.87,103.87,103.87,103.87,50,MU
2025-03-20 23:57:55+00:00,32,2,10996,103.93,103.93,103.93,103.93,100,MU
2025-03-20 23:57:58+00:00,32,2,10996,103.9,103.9,103.87,103.87,103,MU
2025-03-20 23:59:20+00:00,32,2,10996,103.95,103.95,103.85,103.85,1178,MU
