event_id,ticker,company,quarter,fiscal_year,call_date,call_start_ts,CR_0_5,CR_0_30,CR_0_120,RV_pre,RV_0_30,RV_0_120,VOL_pre_mean,VOL_post_mean,VOL_ratio,max_runup_0_120,max_drawdown_0_120,time_to_max_abs_move,word_count_total,word_count_prepared,word_count_qa,qa_ratio,num_questions,num_analyst_turns,speaker_count,pos_count,neg_count,uncertainty_count,tone,uncertainty_rate,has_qa,topic_1,topic_2,topic_3,topic_4,topic_5,topic_6,topic_7,topic_8,topic_9,topic_10,topic_11,topic_12,topic_13,topic_14,topic_15,topic_16,topic_17,topic_18,topic_19,topic_20,fiscal_year_z,CR_0_5_z,CR_0_30_z,CR_0_120_z,RV_pre_z,RV_0_30_z,RV_0_120_z,VOL_pre_mean_z,VOL_post_mean_z,VOL_ratio_z,max_runup_0_120_z,max_drawdown_0_120_z,time_to_max_abs_move_z,word_count_total_z,word_count_prepared_z,word_count_qa_z,qa_ratio_z,num_questions_z,num_analyst_turns_z,speaker_count_z,pos_count_z,neg_count_z,uncertainty_count_z,tone_z,uncertainty_rate_z,topic_1_z,topic_2_z,topic_3_z,topic_4_z,topic_5_z,topic_6_z,topic_7_z,topic_8_z,topic_9_z,topic_10_z,topic_11_z,topic_12_z,topic_13_z,topic_14_z,topic_15_z,topic_16_z,topic_17_z,topic_18_z,topic_19_z,topic_20_z,ticker_AAPL,ticker_AMD,ticker_AMZN,ticker_AVGO,ticker_GOOGL,ticker_META,ticker_MSFT,ticker_MU,ticker_NVDA,ticker_ORCL
AAPL_2025-01-30,AAPL,Apple Inc.,Q1,2025,2025-01-30,2025-01-30 22:00:00+00:00,0.0031574033142764565,0.05738156083064535,0.04495702323663836,0.01866908301600601,0.031352545168953326,0.03458894806058353,90026.23333333334,11489.658333333333,0.12762566985104712,0.05738156083064535,-0.0025673955052458097,30.0,8376,3130,5246,0.626313276026743,27,20,15,197,14,88,0.02184813753581662,0.010506208213944603,1,0.35112846432540634,-0.0029032763755973564,0.7923332965713683,0.2998954732039394,0.04587350948418811,-0.01723801580721216,0.004721564061725769,-0.05072614581622515,-0.06900480202992074,-0.0009332433019738006,0.00646830499748661,-0.0016468626100346758,0.0070804025869506855,0.03254895609285266,-0.006008255087388525,0.02771521952502428,0.018377174395995413,-0.03672218245078815,-0.06299906308646877,-0.09985014018204187,-0.15294382258023542,0.2502889807270459,1.9421122793362102,1.5978871851414038,-1.0390448053305121,1.2129251252509916,0.7452946494410582,-0.30820372251433176,-0.08472224112670992,-0.338476401320692,1.4602233074257183,0.8116897250880273,-0.4339045028147077,-0.1068226495003687,-0.08630960827051455,-0.03657438116034685,-0.04014276541817473,-0.11655092034125217,1.4357509124802572,1.1214296958515242,-0.010278780598113539,-0.399165586276163,-0.011181905232766045,0.18479303546700537,0.044449062479111276,-1.4598311374571034,-0.08247524140325016,2.787113277925806,1.1060060443313957,0.17454965152847207,-0.14375493519193622,0.054932908848391214,-0.2541925715706322,-0.2802737295573479,0.00611872222799793,0.05709114742844181,-0.018770206966714092,0.07119165336483267,0.3305098948771928,-0.058378343026509315,0.319364066057914,0.22098861972824807,-0.45252485825470706,-0.7778902913800516,-1.2363079440965024,1,0,0,0,0,0,0,0,0,0
AAPL_2025-05-01,AAPL,Apple Inc.,Q2,2025,2025-05-01,2025-05-01 21:00:00+00:00,-0.003275690582598655,-0.0035169742126750655,-0.016633509115146577,0.017644283938420102,0.017022291628973597,0.019385572328264544,127172.4,6871.235294117647,0.05403086907314517,0.006376013354898184,-0.01981705533274068,101.0,8651,3176,5475,0.6328748121604438,41,20,14,139,39,107,0.011559357299734134,0.012368512310715524,1,0.3758168088356948,0.002165298366285936,0.7774468164661616,0.29428387869970374,0.0425926106093826,-0.017637597501333,-0.0027589565438511186,-0.04870660402673576,-0.05451234753674076,0.005707970795415375,0.0022479060639547664,0.0036402661189352927,-0.01787251539472615,-0.05285989674837018,-0.02089175101194363,-0.039149557800551446,-0.011092998182583764,0.112880068427758,0.13479604912121662,0.19533032550520166,-0.15294382258023542,-0.7162062036469079,-0.29836152892208745,-0.4515917485203739,-1.0822063267074704,-0.3769967107111789,-0.665665910116627,-0.2546646637375388,-0.5665324134202625,-0.5829677342388719,-0.6288378028375371,-0.03535889333421718,1.9237908823774534,0.11398484157450502,-0.049128095061639655,0.28237205013132716,0.01369359651552721,1.1386128371799242,1.4357509124802572,0.6764179117834589,-0.8869983022019067,2.7789043681518857,0.9545280921424882,-1.5918022713474622,0.9748174453447933,-1.0760764945021695,-0.06480057865347062,2.733451161386212,1.0849279481427905,0.1619778861574074,-0.14534920540773869,0.024770148015019502,-0.2459120061796246,-0.21888994402110704,0.03467233386924416,0.018162826131591016,0.03207067624460713,-0.186208606336501,-0.5586754717087664,-0.222251550466902,-0.45722556969243766,-0.13326526825464685,1.3695670077598727,1.6719585660950014,2.4377977556051897,1,0,0,0,0,0,0,0,0,0
AAPL_2025-07-31,AAPL,Apple Inc.,Q3,2025,2025-07-31,2025-07-31 21:00:00+00:00,-0.0019518703680849899,0.016321886941885723,0.009419965043771964,0.020945645472579075,0.022208930605225122,0.027908426639239904,235105.6,16273.825,0.06921921468480546,0.022293167979977994,-0.0054366102717729745,26.0,8886,3453,5433,0.611411208642809,38,19,14,200,32,99,0.018906144496961513,0.01114112086428089,1,0.35807006357429205,-0.010385318768116781,0.7740501685061908,0.2934770709890659,0.04071412422483019,-0.021207958197942384,0.004402878150592024,-0.0556141328294882,-0.07468301391294024,-0.0009148621059490743,-0.011726912682209968,-0.0010828836477099072,-0.03360464274426421,-0.04897466682127591,-0.03877986050137916,-0.04072691427107031,-0.012143997976666033,0.10749757366797627,0.1400247062890656,0.2275032494721461,-0.15294382258023542,-0.517318097423889,0.43151561460604243,0.4153604338771468,-0.943162694110401,0.19845371942869436,0.12530390470410913,-0.09909970354602472,0.4143788906611634,-0.5325101091870241,0.023089494465020476,0.6707962565646834,-0.5667324118396182,0.3026748794021244,0.17476927795702007,0.2238753247415878,-0.16241186169295133,0.8696491748539579,1.2571749283409217,0.6764179117834589,0.03506878086415162,1.889044780912032,0.5479133564055391,-0.32320994502049755,0.3616382136916147,-1.3519311954345734,-0.10856592422865487,2.7212070769966337,1.0818974421934213,0.15477989225985622,-0.1595944018269587,0.05364791179734025,-0.2742343930889451,-0.30432418564955976,0.006197751382169903,-0.11073878785888878,-0.013347000907802458,-0.3484923788555748,-0.5182266249900731,-0.41920674781690564,-0.4755455093659698,-0.145899085119143,1.3040105080209319,1.7367196193172552,2.8382535345735205,1,0,0,0,0,0,0,0,0,0
AAPL_2025-10-30,AAPL,Apple Inc.,Q4,2025,2025-10-30,2025-10-30 21:00:00+00:00,-0.00021191678813454342,-0.005524484622101211,-0.019614765299332208,0.05240755240596706,0.008251166590476549,0.013677136513268401,172266.53333333333,7565.341666666666,0.04391649103443578,0.005353633525081899,-0.019614765299332208,119.0,8726,3658,5068,0.5807930323172129,49,24,15,237,21,79,0.02475360990144396,0.009053403621361448,1,0.35404406324311244,-0.002468582662460362,0.7891307550298594,0.2960061671620537,0.04171373955514198,-0.015660336781329276,0.0058337797878410605,-0.04172120260701048,-0.08022965442601193,0.0040169690720613035,-0.009193567839886722,-0.008635399379203464,0.01878626577527334,0.0472241903975208,0.02568751859553265,0.016072931177404902,0.009784567758482429,-0.09718572948159533,-0.08554205406705907,-0.13487172409911277,-0.15294382258023542,-0.2559109451245582,-0.37221838753002706,-0.550795660420971,0.3819202400625798,-1.3501409182267647,-1.1954415292644376,-0.18967013881961894,-0.49412078977551965,-0.6165689906073102,-0.6707119527699995,-0.025425393483622154,2.5215164729895507,0.17420506641310696,0.3404694998661365,-0.2844890744787659,-0.4136291359450076,1.855849270049168,2.1500548490375992,1.1214296958515242,0.5943553722320886,0.49069400096369065,-0.46862348293683387,0.6864898790588426,-0.6813418874334521,-1.4145111841002542,-0.08095941788867157,2.775568899657149,1.0913971543276877,0.15861022348112686,-0.13746023571478583,0.059417556202603444,-0.21727032441819036,-0.32781736217540236,0.027401945385260196,-0.08737159828016575,-0.08597178270148047,0.19194275056777604,0.48329269385927964,0.29060472668063964,0.18414667913452987,0.11769895282418814,-1.1889451767208032,-1.0571030589831316,-1.6722209398386592,1,0,0,0,0,0,0,0,0,0
AAPL_2026-01-29,AAPL,Apple Inc.,Q1,2026,2026-01-29,2026-01-29 22:00:00+00:00,0.002576775842627001,0.005070303556412225,0.0002695262130557179,0.03234318234426572,0.02657835150451734,0.029506840890716403,160122.73333333334,14956.85,0.09340866027351519,0.023406902961039602,-0.0020430591305656953,24.0,9175,3288,5887,0.6416348773841962,61,22,15,212,20,101,0.020926430517711172,0.01100817438692098,1,0.364648294328361,-0.01142457244889635,0.7923369466601733,0.28854836789804544,0.03506157954805706,-0.005625969596255139,0.012588394337924243,-0.03562013953683854,-0.07740869426814606,0.0022662086290034227,-0.005078419817948078,0.0016205745869976433,0.02112777303966989,0.038783996300437315,0.04188078643281371,0.02975016465304795,0.003531759028571167,-0.08336317117196028,-0.12116528050162391,-0.1814843429455834,1.7588539596744461,0.16305666852078163,0.01756677562896087,0.11087156357157676,-0.4631319816601009,0.6832349327486641,0.2736459246855002,-0.20717309216088658,0.2769874160672597,-0.45214967975419884,0.06870532551127878,0.8374373865609448,-0.6331463663520734,0.5347234791135371,0.041400806664316635,0.8561970706211511,0.08556854048276769,2.931703919353034,1.7929028807589282,1.1214296958515242,0.21645902671321227,0.3635712027865687,0.6495670403397763,0.025639051705021027,0.2952209194572866,-1.2496794388110832,-0.11218991307259187,2.7871264356023993,1.0633844014241374,0.13312044217087263,-0.09742463605402821,0.08665333749887857,-0.19225462433703797,-0.3158689918411566,0.019874626880713953,-0.049414095469390566,0.012649378492671929,0.21609642182942182,0.39542244583916375,0.46889904361316637,0.3429985917222863,0.04253543630665962,-1.0205922882074787,-1.4983248849737478,-2.2524073291483684,1,0,0,0,0,0,0,0,0,0
AMD_2025-02-04,AMD,"Advanced Micro Devices, Inc.",Q4,2024,2025-02-04,2025-02-04 22:00:00+00:00,-0.00017447439632499716,-0.016357765140880342,-0.049990290872278326,0.06420914940945728,0.026571760216632417,0.042860076092832544,80494.68333333333,20582.766666666666,0.2557034305164254,0.004612514160899588,-0.07196308420610284,69.0,9242,3636,5606,0.606578662627137,26,16,11,270,11,99,0.02802423717809998,0.010711967106686864,1,0.49638187902287867,0.3870453876287598,-0.07713245744890102,-0.01306589519077182,-0.32238694060149625,-0.4304560346788868,0.21859842041398433,0.02009530318721135,-0.033426575379232076,-0.24223193494541748,0.05275216536545524,0.006887210753631842,0.04505441188456488,0.010607714073620315,-0.03842614376338588,0.0012001294909612767,0.14406989573142354,-0.03841081541661265,0.05252555304114299,0.03782843152679251,-2.064741604834917,-0.25028567492712683,-0.7707777493040623,-1.5615678908846278,0.8789687761993525,0.6825036384623405,1.512902820286103,-0.3219416196239646,0.8639028751881638,0.0870142867613999,-0.70106636946384,-2.5960019526821667,0.8611676101781696,0.5885202133026882,0.3226870370271094,0.464826122180276,-0.2020621342906649,-0.20620547444990764,0.7214469759229153,-0.6586174404207367,1.0931785483170053,-0.7805339808075288,0.5479133564055391,1.2512391434729964,0.14724192462916325,0.7979821505899768,1.277317496592998,-0.347097918386686,-0.06952968287805969,-1.2365526562786668,-1.7924320137789824,0.9173216122679272,0.036190941467312485,-0.12957970905768867,-1.0313345249781607,0.4840064735952655,0.06329320579296438,0.46291016349195596,0.1020812170621234,-0.41531218590254515,0.011409041977326909,1.731910725986668,-0.4730916904624044,0.6529734224477413,0.4773746461944887,0,1,0,0,0,0,0,0,0,0
AMD_2025-05-06,AMD,"Advanced Micro Devices, Inc.",Q1,2025,2025-05-06,2025-05-06 21:00:00+00:00,0.0010657366701686474,-0.05161987165659308,-0.02911299236237954,0.052138081192657636,0.043342976996951256,0.053617488899729,60695.166666666664,14224.333333333334,0.23435693671379657,0.002420488183739723,-0.06301454403806098,38.0,9804,3753,6051,0.6171970624235006,44,20,14,264,17,95,0.025193798449612403,0.009689922480620155,1,0.488341674347461,0.40542166709709254,-0.06858505139032478,-0.014194273057654664,-0.3315608003048563,-0.45138960049243687,0.21928639551753695,0.03451656497655168,-0.04743231360023222,-0.2644564187035134,0.018579155337013698,-0.00026369413768126675,-0.014296846289132343,-0.06824550779960589,-0.0900183302565743,0.0029677674569523788,-0.011606771048115786,-0.039601162749787054,0.026641355668121324,0.06655663027876373,-0.15294382258023542,-0.06395884018970079,-2.06808032015029,-0.8668574889121731,0.3705709055558314,2.5432469742513466,2.5112524934541467,-0.3504788169095192,0.2005686951363807,0.016098506464845383,-0.7908463335696837,-2.1565817750068934,-0.16824868476488672,1.0397704314266119,0.41725740758011726,1.0846128554763237,-0.11493985027889429,1.4075764995058906,1.4357509124802572,0.6764179117834589,1.002483425392475,-0.017797191744797144,0.3446059885370645,0.7624985886284129,-0.36335030765931575,0.6730055296094295,1.3413975504027202,-0.3162866119673715,-0.07376806061495737,-1.2717050995994152,-1.8759537590894435,0.9200956476060962,0.09532128573103012,-0.18890197442268836,-1.126887727879017,0.1687997988190457,-0.005469697300818135,-0.14932401604282378,-0.7188539514288336,-0.9833626709739424,0.03193897386453674,-0.13944120884914224,-0.4875896153316636,0.3323771718469037,0.8349539952582434,0,1,0,0,0,0,0,0,0,0
AMD_2025-08-05,AMD,"Advanced Micro Devices, Inc.",Q2,2025,2025-08-05,2025-08-05 21:00:00+00:00,0.0022102096748701366,0.03195611311408964,-0.004795597249628122,0.04650645606907096,0.01678736845814096,0.027408198294245484,76782.43333333333,19500.816666666666,0.2539749760470385,0.042442496369898615,-0.01088307046778204,26.0,9717,3739,5978,0.6152104559020274,38,18,13,255,21,120,0.024081506637851188,0.01234949058351343,1,0.4875237698861128,0.39504751975213975,-0.07112129484904821,-0.0009192032399877985,-0.3322710591361239,-0.4515827215906097,0.21665784818242836,0.03868607460394357,-0.04742105346750687,-0.2518812435816636,-0.012356561528130788,-0.0073495451005721295,-0.030935676407955016,-0.0372058557961849,-0.04378935526891523,0.011764441384565083,-0.09705023280393589,-0.017375342298089597,-0.026690936000996382,0.040587497248800106,-0.15294382258023542,0.10798449927053663,1.006703083833207,-0.057674858041966634,0.13338342805410064,-0.40306111201700606,0.0788798421809707,-0.3272921144065796,0.7510300371032539,0.08127214013362234,0.8483561648663441,0.40334654274669085,-0.5667324118396182,0.9699149706138337,0.40594129486437275,0.982939975632253,-0.13123964129285637,0.8696491748539579,1.0785989442015862,0.2314061277153937,0.8664407410056796,0.49069400096369065,1.6152770377150305,0.5704357427671484,0.9653145861678144,0.6602920552650833,1.3052217879889982,-0.325429148758671,-0.0239046575632885,-1.274426673082826,-1.8767242829132074,0.9094968873341214,0.11241719198944115,-0.18885428135781465,-1.0728213084736982,-0.11654657355977388,-0.07360704362326072,-0.3209608240849236,-0.3957023877768596,-0.474363276859093,0.1341064538816482,-1.1665366033198992,-0.2168885635579432,-0.3281854292902017,0.5117166852975111,0,1,0,0,0,0,0,0,0,0
AMD_2025-11-04,AMD,"Advanced Micro Devices, Inc.",Q3,2025,2025-11-04,2025-11-04 22:00:00+00:00,0.00036460127204108106,-0.01935135150270795,-0.024694638524352434,0.046609389280591565,0.017486997900122866,0.025949080625907072,85962.6,6390.233333333334,0.07433736687039867,0.00485045413374948,-0.025816623308262877,94.0,9003,3264,5739,0.6374541819393535,40,21,14,227,6,77,0.02454737309785627,0.00855270465400422,1,0.4674765198697532,0.39548384718009266,-0.08232417218023944,-0.003859010575541824,-0.3323069940908096,-0.4590534208528997,0.22014962666854715,0.029122609696289315,-0.051954017844300454,-0.2562935492072802,-0.053723069061127095,-0.008286504967502507,-0.012632878457970183,0.049565784148058074,0.10029079107366079,-0.031093531105390607,-0.012177043058752744,0.0676836753318926,-0.04149689470740094,-0.06923276298245078,-0.15294382258023542,-0.1692960226943079,-0.8809126126741403,-0.7198328933009649,0.1377186720122737,-0.32543819182332506,-0.05653465510089354,-0.3140606688268001,-0.6167122335950691,-0.5155069535740325,-0.6913209364970797,-0.3299690952522951,1.69134204158386,0.39661843015034337,0.022001756294468856,0.6500657525811173,0.051266598297747004,1.048958283071269,1.6143268966195927,0.6764179117834589,0.4431968340245381,-1.4161479716931384,-0.5702771668710711,0.6508783362968195,-0.9314806748475909,0.3486784001230648,1.3067433084420401,-0.3658127790511603,-0.03494707015172538,-1.2745643688290733,-1.9065312372865588,0.9235763458254721,0.0732048830664058,-0.20805396304592755,-1.0917918249227718,-0.4981049810787224,-0.08261682371567444,-0.13215946029065426,0.5076708564057029,1.1120164170866942,-0.3636602115618414,-0.14629631213831698,0.8190941388721519,-0.5115689346551975,-0.8552140264585923,0,1,0,0,0,0,0,0,0,0
AMD_2026-02-03,AMD,"Advanced Micro Devices, Inc.",Q4,2025,2026-02-03,2026-02-03 22:00:00+00:00,-0.0031060680745444076,-0.019361560956583184,-0.02934217505608204,0.04237451195700427,0.020101387489117366,0.0275216703042403,82077.91666666667,9079.441666666668,0.11061978709254926,0.004619348432865107,-0.034121479883565495,64.0,9025,3241,5784,0.6408864265927978,45,19,15,280,19,103,0.0289196675900277,0.011412742382271468,1,0.4831967402821011,0.41224130116233704,-0.0728572204674863,-0.012778149320401395,-0.34474352364731364,-0.44365258159218623,0.23145537304795166,0.022996164041636184,-0.0363975610783066,-0.25569814493172477,-0.019823313069838186,-0.020992697647925777,0.015371946351775474,0.04309995011241163,0.06573007853563023,0.0027298542611701826,-0.015302869187031587,0.03649282813645824,-0.011743352462032864,-0.08110839076940085,-0.15294382258023542,-0.6907224566623511,-0.8812882212825873,-0.8744837438700022,-0.04064189849232504,-0.03537527816601367,0.08941069621860895,-0.31965969311317943,-0.33616454027751874,-0.3949721170387497,-0.7007864545822888,-0.7377810381343362,0.6951327238970315,0.41428302943633327,0.0034109996900314053,0.7127408154986952,0.07942762060147097,1.4972310536145461,1.2571749283409217,1.1214296958515242,1.244337086524556,0.23644840460944674,0.7512207242740137,1.4058558648828654,0.49733467319175195,0.5930328795819608,1.3651783444756744,-0.33168673565512685,-0.06844886081777651,-1.322218727460882,-1.8450842298460943,0.9691630826403543,0.04808510880779238,-0.1421635228670783,-1.0892319100932784,-0.18541876020306255,-0.2047992201052921,0.1567225527954352,0.44035552765449726,0.7314892315557345,0.029175771331862985,-0.1838711195524474,0.4392028696221733,-0.1430477883939378,-1.0030297419666754,0,1,0,0,0,0,0,0,0,0
AMZN_2025-02-06,AMZN,"Amazon.com, Inc.",Q4,2024,2025-02-06,2025-02-06 22:00:00+00:00,-0.005504206543120218,-0.029859460668603566,-0.018131568355998356,0.06902895179155037,0.019483841210918475,0.026693162953932537,97756.11666666667,10577.5,0.10820294791442718,0.0,-0.03464267542179063,25.0,8790,3996,4794,0.5453924914675768,12,5,9,161,22,101,0.015813424345847555,0.01149032992036405,1,0.4870674249639601,-0.10983673010002176,0.02303631447508301,-0.1160887054277066,0.09979648292602111,-0.13415044702005374,-0.3274516528152165,-0.05456836689567242,0.5666512234668606,-0.11905701626699804,0.018574557661318884,-0.018653330325516946,0.08291541958208602,-0.11731189488800778,0.08689318823796977,0.06772253759196382,0.2959869092686742,-0.18341923039416433,0.20001936161958278,-0.035687069212447124,-2.064741604834917,-1.0510139926628312,-1.2675088311835112,-0.501440982457286,1.0819646688551856,-0.10389118471898141,0.012520457157892715,-0.2970625815768348,-0.17988181399619046,-0.4030011656381362,-0.8899835447702252,-0.7633744680915895,-0.5999393890958459,0.22559299160871393,0.613672792574826,-0.6661105686880178,-0.7040849516253042,-1.461369231971084,-1.2428888496097752,-1.5486410085568671,-0.5544495181452954,0.6178167991408126,0.6495670403397763,-0.8572394392544669,0.5360957930705554,0.6531986479857081,-0.4553636424818738,0.013985982886444768,-0.456500748259826,0.38117198159375415,-0.6102177628992527,-1.28444730600475,-0.2699465228187097,2.412090987701255,-0.5017493105414919,0.16875739055397757,-0.18230392881887408,0.8534630127039119,-1.2296805453810649,0.9645034833091538,0.7840222883334718,3.558068769439693,-2.239232586622906,2.479800862203328,-0.43767140759367373,0,0,1,0,0,0,0,0,0,0
AMZN_2025-05-01,AMZN,"Amazon.com, Inc.",Q1,2025,2025-05-01,2025-05-01 21:00:00+00:00,0.003949322230423639,0.030846601522861096,0.021046539154997625,0.04824347036496937,0.016596061982103852,0.026067212529773967,121221.73333333334,8325.830508474577,0.06868265516036104,0.03769758028281955,0.0,31.0,9076,3945,5131,0.5653371529308066,18,6,10,145,27,107,0.013001322168356104,0.011789334508594094,1,0.47986602423217345,-0.10379281716786895,0.03263667034330965,-0.09907688502212036,0.10233538967541368,-0.11359077748631254,-0.3174531480268788,-0.0517183903902324,0.5772857016576762,-0.1380299986057698,0.020738348101427048,0.017331909720806945,0.0068668809573571785,-0.349093432309178,0.06187748913935902,-0.048747524830741615,-0.1186827139176341,0.07392771265490677,-0.060516437840087735,-0.11604391302939863,-0.15294382258023542,0.3692652977434478,0.9658838480611438,0.802244875393487,0.20654135852483402,-0.4242863012827643,-0.04557133615671159,-0.2632414058624176,-0.4147839129265295,-0.5342926284945667,0.6540161340355276,0.9377622875275251,-0.4006975255584801,0.4552327823265826,0.5724498105388994,-0.19674398639415694,-0.540442171748699,-0.9234419073191513,-1.0643128654704397,-1.103629224488802,-0.7963031792773763,1.2534307900264223,0.9545280921424882,-1.3428137654795842,0.6854722647774878,0.5412603620690273,-0.4342878710461466,0.0485929156053599,-0.39260147924073185,0.39090057767987035,-0.5281878069061429,-1.244131594769744,-0.25826099249744894,2.457134049859018,-0.5833228242745436,0.18871586623321734,0.16372914136191144,0.06898908439275579,-3.6427413050524233,0.6890706906082265,-0.5686995327870286,-1.426575478925751,0.895143861055758,-0.747141014739691,-1.437871529883335,0,0,1,0,0,0,0,0,0,0
AMZN_2025-07-31,AMZN,"Amazon.com, Inc.",Q2,2025,2025-07-31,2025-07-31 21:00:00+00:00,0.00021812629598970152,-0.0330894604963788,-0.044017539867250134,0.03347980306017064,0.022416668135724523,0.03527781998453292,186561.85,20095.416666666668,0.1077145014731933,0.0031799299333251574,-0.058946275356224306,58.0,9512,3830,5682,0.5973507148864592,10,6,10,180,26,89,0.016190075693860388,0.009356602186711522,1,0.4939684878300539,-0.10750117156679811,0.028118834946131304,-0.10067969315654508,0.10696118297087152,-0.12795830622178658,-0.328501966622231,-0.05210013571606263,0.5882086484278765,-0.13097531445617824,0.012640691127463683,-0.0030279788761394737,-0.00423814542760253,-0.20795326306725806,-0.00472655363165105,-0.0516326340726151,-0.12084005440277597,0.009778712054930616,-0.13860748374756154,0.08074905095505931,-0.15294382258023542,-0.19130213068127747,-1.3863414108122551,-1.3628193674769107,-0.4152608619450155,0.2215019114909209,0.809225919205905,-0.16906618778161497,0.8130608051842998,-0.40462384713484695,-0.7597414772729525,-1.956808480879232,0.49589086035966573,0.8053130227216551,0.4794960275167122,0.5706773395521854,-0.27777598000444526,-1.640678340188395,-1.0643128654704397,-1.103629224488802,-0.2672482955509494,1.1263079918493004,0.0396449367343526,-0.7922018933228098,-0.5298701920099944,0.7604684940899598,-0.44721929983935815,0.03230722497354328,-0.39862189714580015,0.4086257164862249,-0.5855120624330368,-1.2886823540490466,-0.25982623227099577,2.503398940480636,-0.5529915160972808,0.11402430332678576,-0.03205098267424442,-0.045564118466235246,-2.1733412492913646,-0.044266300425940056,-0.6022081456152283,-1.4525083523260214,0.11383628366460113,-1.7143603633886064,1.0116067882468929,0,0,1,0,0,0,0,0,0,0
AMZN_2025-10-30,AMZN,"Amazon.com, Inc.",Q3,2025,2025-10-30,2025-10-30 21:00:00+00:00,-0.001526043426953099,0.016634551260609254,0.008988375704675746,0.08148019956375244,0.013113655666916238,0.017702078078103853,229518.38333333333,24362.975,0.10614825116041902,0.02304697316248766,-0.001526043426953099,17.0,8562,3900,4662,0.5444989488437281,17,7,11,173,9,87,0.019154403176827844,0.010161177295024528,1,0.4655532355908268,-0.12675387650202913,0.013966250966070378,-0.11074488305823739,0.09427957736155404,-0.1374607341877984,-0.317493578680705,-0.04925720066185642,0.5767746134815245,-0.12497731818024035,-0.01586771830616007,-0.009531674496420606,-0.06116859970813189,0.3665246882689841,-0.10256206368982156,0.012253354606946014,-0.06186067830537875,0.11142080812062266,-0.06992755686777183,0.08069382357916566,-0.15294382258023542,-0.45334270788689196,0.4430186206533748,0.40099892043188956,1.6063745835827417,-0.8106544717245819,-0.8219038424706517,-0.10715260236058191,1.25826753449364,-0.40982713082616823,0.053963490911085925,0.862825564752703,-0.8655952071456668,0.042523508099364074,0.5360765910954349,-0.8499574199129128,-0.7114163269496949,-1.0130964614278068,-0.8857368813311043,-0.6586174404207367,-0.3730592722962348,-1.0347795771617727,-0.06200874719988469,-0.28034235572359434,-0.12792120649625513,0.3187829459563156,-0.5143555430793635,-0.018709375694118777,-0.43642844940903175,0.36003227416070727,-0.6234253054742446,-1.2442946182016674,-0.24816957344805834,2.454969300816006,-0.5272033915499785,-0.1489329525091107,-0.09459033936910437,-0.6328266473409612,3.8075069972491833,-1.1214741631531537,0.13978485372785704,-0.7435313947735143,1.3517938370995741,-0.8637051650879813,1.0109193741387876,0,0,1,0,0,0,0,0,0,0
AMZN_2026-02-05,AMZN,"Amazon.com, Inc.",Q4,2025,2026-02-05,2026-02-05 22:00:00+00:00,-0.003620945897179183,-0.0010898643702388906,-0.019549156427140363,0.07526570409498606,0.017335654381139768,0.024559286552179656,233494.41666666666,20689.475,0.08860800740060522,0.007546833362352601,-0.02030678961740783,118.0,9764,4303,5461,0.5592994674313806,10,5,9,196,17,100,0.018332650553052027,0.010241704219582138,1,0.46914131223065086,-0.12657599457831198,0.013220642267722698,-0.1135920462039627,0.09826873045306644,-0.13315649463012405,-0.32189051244054195,-0.052297859411040065,0.5947861480829846,-0.1466149991718513,-0.03249848072509478,0.003975070266199245,-0.02279251157004024,0.30605456316694085,-0.046197788449203456,0.01706198382196719,0.0005711995931724403,-0.011781593908415182,0.06907552539556636,-0.027933267680301313,-0.15294382258023542,-0.7680766728598142,-0.2090674920807099,-0.5486124677079988,1.3446383224084772,-0.3422295462045486,-0.18551552477497907,-0.10142191460908255,0.8750350646891978,-0.4680980620769848,-0.580883910256457,-0.05940741100759787,2.4883094957333234,1.0076529781793575,0.8618189785557955,0.26287314166808073,-0.589980422421355,-1.640678340188395,-1.2428888496097752,-1.5486410085568671,-0.025394634418868592,-0.017797191744797144,0.5987401983726577,-0.4222369069982619,-0.08769163029131898,0.3745558662198356,-0.513735249767912,-0.021397112525182973,-0.44712287478223933,0.37531793172268385,-0.6062520439624103,-1.262023820270741,-0.2606369428956203,2.5312583916442644,-0.6202336614361008,-0.30233258914348415,0.03529014363840156,-0.23696051816442232,3.1779569147030884,-0.5008810837077212,0.19563386362388518,0.006947260234804135,-0.14875908434554488,0.857957915801427,-0.34115998588666546,0,0,1,0,0,0,0,0,0,0
AVGO_2024-12-12,AVGO,Broadcom Inc.,Q4,2024,2024-12-12,2024-12-12 22:00:00+00:00,0.00016243874741288052,0.07508607320806075,0.11631989832109557,0.052231394914722284,0.032508573284038035,0.047359039555706646,74256.66666666667,12850.941666666668,0.1730611168469722,0.12710748945009293,-0.006028858931148485,95.0,7089,2489,4600,0.648892650585414,45,15,16,148,16,84,0.018620397799407534,0.01184934405416843,1,0.3803323898043792,0.49929098143841666,-0.02708175199603728,-0.1815470153588569,0.5502177304288792,0.19484569501493018,0.141612768103811,-0.056090610621497776,-0.028245321896644464,-0.04680370574710321,0.05660262679514573,-0.009132718656061637,0.03649872901527351,-0.0020042511833923454,-0.0204944545185204,0.0666636338543975,0.0689506344804556,-0.04255714661318958,0.0320198738723714,0.08819768715045699,-2.064741604834917,-0.19966851680774644,2.59346614591719,3.9725493863992467,0.3745010049262802,1.3411848478045096,1.9304324608587744,-0.33093252153759267,0.05729163499604974,-0.18753404017087327,4.316024942044794,0.6417137463179113,1.7245490188400878,-1.1402017077307778,-0.6044259118985322,-0.9363097288215757,0.1451174169854266,1.4972310536145461,0.5428709917835798,1.5664414799195894,-0.7509556178151111,-0.1449199899219191,-0.21448927310124064,-0.3725507055541706,0.7154517852915141,-1.0058864839225035,1.6687298988489592,-0.16667737774047303,-0.7023732096486325,2.1070984602280163,0.7024268303780112,0.6069020651976745,-0.2761880568034731,-0.10763415437378554,-0.1910993392974537,0.5195225473211883,-0.09075399107385179,0.3746545537033544,-0.029221037649972813,-0.21787715811902142,0.7717238301505148,0.8289200736719606,-0.523592243112637,0.39899437249721814,1.1043198227520674,0,0,0,1,0,0,0,0,0,0
AVGO_2025-03-06,AVGO,Broadcom Inc.,Q1,2025,2025-03-06,2025-03-06 22:00:00+00:00,0.0017351369497481774,0.057513057476464714,0.02491932222488257,0.0728466449634237,0.04544459958235005,0.051916352660500154,89179.2,6917.15,0.07756461147890988,0.08603616808350813,0.0,12.0,7356,2097,5259,0.7149265905383361,28,14,15,134,22,89,0.015225666122892877,0.012098966829798804,1,0.41923660349374564,0.5055525284308817,-0.02758998882953184,-0.19093974442474096,0.5642633040304773,0.1738743428881268,0.12607003692520635,-0.062022244383882624,-0.03426902031162096,-0.02683530627211192,0.024782070839354506,0.016771580296523664,0.009234120177139097,-0.05218026706909278,-0.016215725333640466,-0.01911645729310437,-0.01934997735876428,-0.02958628516270071,0.001619389933257072,0.045902768428319134,-0.15294382258023542,0.03661052145858204,1.946950077004455,0.931115125629945,1.2427546705759527,2.776419097141891,2.353377283221473,-0.309424558242179,-0.5617424294443163,-0.5047856345725844,2.6338451702296943,0.9377622875275251,-1.031630093426805,-0.9258177073053548,-0.9212770679393792,-0.01846825187304658,0.6869154073911828,-0.026896366232596704,0.3642950076442443,1.1214296958515242,-0.9625775713056819,0.6178167991408126,0.0396449367343526,-0.9587294581374517,0.8401581307763146,-0.401160937113013,1.6905645835521772,-0.1685094471078422,-0.7376538855019529,2.1609183621997827,0.6187543234218813,0.5442310683571429,-0.3005090594688127,-0.13314794238077332,-0.10524607280958152,0.22601455302955964,0.15834102915958134,0.09340819202555785,-0.551599896456229,-0.1707666486762575,-0.2245545155397189,-0.2325204378114711,-0.36561266055057334,0.02246034183458311,0.5778757656101721,0,0,0,1,0,0,0,0,0,0
AVGO_2025-06-05,AVGO,Broadcom Inc.,Q2,2025,2025-06-05,2025-06-05 21:00:00+00:00,0.004162836736438337,0.0209573060146956,0.002563795820064023,0.04803549319666959,0.03613375812602281,0.03909352662327976,71948.28333333334,4942.327731092437,0.06869278184435398,0.032050736447623955,-0.013853490000706693,10.0,7072,1666,5406,0.7644230769230769,45,23,20,133,12,96,0.017109728506787332,0.013574660633484163,1,0.36695914638946026,0.5271691609199128,-0.02936291708795773,-0.19868525805581344,0.5894210517214499,0.19206243141726628,0.14154280493662277,-0.06400665222553302,-0.04173624487380568,-0.02572184960806724,-0.046228032105519234,-0.0186409262977323,-0.019418117262544006,-0.005175134777080781,-0.04569113653589196,-0.039456533642412396,0.0005704739112433787,0.003964626858930478,-0.039586498857293984,0.013240034105654795,-0.15294382258023542,0.40134329087789106,0.6020539537556411,0.1872153951339896,0.1977819722296821,1.7433940985752967,1.1633454035168416,-0.3342596123804173,-0.7677628501706693,-0.5342589863562458,0.4227353727135139,0.2574833902752556,-1.0980440479392601,-1.1538516253608608,-1.2696516808312288,0.1862702869910411,1.0930262175975296,1.4972310536145461,1.9714788648982637,3.34648861619185,-0.977693425126437,-0.6534111826304069,0.3954328305041831,-0.6334026154827738,1.577384054362165,-1.2137596464872495,1.7659440952465415,-0.17490041946313487,-0.7667473421340507,2.257317950636991,0.6913220317304014,0.6066199615326608,-0.30864556794847575,-0.16477588444481775,-0.1004588142303124,-0.42897189405666075,-0.18218465203174125,-0.2021521654209864,-0.06223287655028894,-0.4953026447098519,-0.46079088863538686,0.006938536986098225,0.04302319574824246,-0.4879071715384456,0.1713233263647681,0,0,0,1,0,0,0,0,0,0
AVGO_2025-09-04,AVGO,Broadcom Inc.,Q3,2025,2025-09-04,2025-09-04 21:00:00+00:00,0.0035522858322654394,0.04328712205741714,0.038429320449317565,0.03464123727428733,0.02102169087226198,0.02333091247855558,43944.28333333333,6364.65,0.14483453858427547,0.04328712205741714,-0.0009799118863488012,30.0,7731,1827,5904,0.7636786961583236,39,18,17,144,21,94,0.01590997283663174,0.012158841029621007,1,0.392523948678972,0.5152064973464965,-0.03625307745969808,-0.18627601364807633,0.5762801059387206,0.1817149335421708,0.13912700343080933,-0.057887784661151485,-0.03691002813290338,-0.01490525440657879,-0.04929542948168002,-0.011752233983327654,-0.02369304915278248,0.03537835077108111,0.0010438558241604072,-0.03102308910452111,0.04626352568888145,0.0008558937306184155,-0.02697653986339588,-0.023381474097009674,-0.15294382258023542,0.30961534190688217,1.4235740108695758,1.3806721548928218,-0.3663446707062253,0.06673111098399655,-0.29951569163150227,-0.37462199527282813,-0.6193811771146455,-0.2813063402548519,0.8829499446383053,0.8896434829941009,-0.4339045028147077,-0.6247165831123452,-1.1395163846001666,0.8798743166122361,1.0869186916384919,0.9593037289626134,1.0785989442015862,2.0114532639876543,-0.8114190330981313,0.49069400096369065,0.2937791465699458,-0.8405681146006793,0.8700700353683456,-0.8163813787489388,1.7242290066828787,-0.1997377608784171,-0.7201361254724111,2.2069644062461578,0.6500370882180615,0.5968790294661913,-0.2835568655262361,-0.1443341122443685,-0.05395333283267362,-0.4572651034155156,-0.11594317780465098,-0.24624995709252184,0.35996651746939606,0.019268201855079693,-0.36284207486887965,0.5562037712792197,0.005160146807180197,-0.3317228589474887,-0.2845038968419488,0,0,0,1,0,0,0,0,0,0
AVGO_2025-12-11,AVGO,Broadcom Inc.,Q4,2025,2025-12-11,2025-12-11 22:00:00+00:00,-0.0001431229428520006,-0.05523665852243976,-0.08314830023168944,0.03921185575213693,0.034146213186608036,0.04432379170917702,73663.88333333333,8035.733333333334,0.10908647453421884,0.003927875073206763,-0.08910170461667448,41.0,7308,1952,5356,0.7328954570333881,38,12,16,158,13,111,0.01984126984126984,0.015188834154351396,1,0.4031180037612805,0.48845252896382213,-0.02327692809448202,-0.17368115884506377,0.5353237028282325,0.19360572936515008,0.1400387765768192,-0.05487018304010947,-0.026888674265536597,-0.0360548266914644,-0.012829460920028835,0.0191297799754117,0.011493754231734108,0.039417825879088736,0.07718353028532465,0.015584465617109392,-0.09784110609464336,0.07761446631108415,0.03387868216030158,-0.12881482224206423,-0.15294382258023542,-0.24557549514574759,-2.201142901002486,-2.664929707537341,-0.17384367080062266,1.5228787329318685,1.6487440335424766,-0.33178690476399747,-0.44504787288642345,-0.4000659773006685,-0.7291074936836178,-3.4375979543203217,-0.06862775299620387,-0.9643586512020601,-1.0384796639238763,0.11663132819373237,0.8343471033316233,0.8696491748539579,0.007143039365573268,1.5664414799195894,-0.5997970796075606,-0.526288384453285,1.1578354600109628,-0.1617389776306837,2.383791563682369,-0.651707808843838,1.6309350547412065,-0.15296191900375794,-0.6728277248352956,2.0500274478102405,0.6974795559328894,0.6005554574566287,-0.2711840353738248,-0.1018879802336243,-0.144885000528569,-0.12090852600996248,0.1810174118635597,0.11671730532885288,0.40202119956898985,0.8575962889299117,0.17847347858382098,-1.1760435017741888,0.9400469544883159,0.4220171828671195,-1.596830796443823,0,0,0,1,0,0,0,0,0,0
GOOGL_2025-02-04,GOOGL,Alphabet Inc.,Q4,2024,2025-02-04,2025-02-04 21:30:00+00:00,-0.0021370313832626076,-0.006896579059060329,-0.011520864756174217,0.049554733958746024,0.012023839383153597,0.02117419009688714,107701.7,11286.633333333333,0.1047953127326062,0.004467771990944359,-0.024882675428842174,38.0,9409,4795,4614,0.4903815495801892,31,7,12,299,15,69,0.030183866510787544,0.007333404187480072,1,0.511290021313474,-0.3943809271572384,0.08747080355307323,-0.375675465797227,-0.02119678796564322,0.06626856546348349,0.3826952530895702,0.31544087062543585,0.054557536585870266,0.0566746892195597,0.012180617694634239,-0.0069456558243365185,0.03676214876190742,-0.01183953791582821,-0.006944561792134539,0.05324323530902775,0.10313174179897246,-0.01748443489739142,0.049503102769091624,-0.014668622250729626,-2.064741604834917,-0.5451363186983972,-0.42269811822103653,-0.28146402744191007,0.26176792231813895,-0.9315680830509464,-0.4996719116728605,-0.2827279350053314,-0.10590252482945846,-0.4143217651763642,-0.7069946508613166,-0.2841073641310396,-0.16824868476488672,0.7226105806099752,1.2594995111376748,-0.9168108203583293,-1.1554409934753493,0.2420672960933697,-0.8857368813311043,-0.21360565635267148,1.5315383091189019,-0.27204278809904103,-0.9768919026080203,1.6241489781544753,-1.5406178212644381,1.0297137200949553,-1.44759971998015,0.24625654232265226,-1.4315524381542377,-0.08245066304439977,0.18942362954755906,1.5789885975600297,1.2471727081455868,0.24308303499329414,0.2538015266901583,0.10978065558272243,-0.0697232555454546,0.3773718435707686,-0.13161549381854948,-0.06868745209822497,0.6158548833771472,1.2398029801380948,-0.21821726507588773,0.6155379860352105,-0.17605519392882318,0,0,0,0,1,0,0,0,0,0
GOOGL_2025-04-24,GOOGL,Alphabet Inc.,Q1,2025,2025-04-24,2025-04-24 20:30:00+00:00,0.004280854265901125,0.001871359696163631,0.009321973985648125,0.040566781180522836,0.015901511997818085,0.021746387735062402,155592.4,9434.633333333333,0.06063685201419435,0.01737090699110877,-0.010386075322829463,35.0,8901,3988,4913,0.5519604538815863,23,8,12,254,18,63,0.026513874845522974,0.007077856420626896,1,0.48791685228076004,-0.4097472293158012,0.10311358544079342,-0.38779350842852,-0.025769271173513436,0.08261204073300356,0.406510889208904,0.3176627061561922,0.04012674927599239,0.06483766618130575,0.009035943235713325,-0.0037896139844056523,-0.009780970053691855,-0.04812471593310373,-0.022931875600242076,0.03491575866187679,0.011106528391682692,0.03184269697422067,-0.051856118906995485,0.011564202844353961,-0.15294382258023542,0.41907400890035024,-0.1001232464360574,0.4120996955518964,-0.11677819902129212,-0.5013456626612849,-0.4465686855241367,-0.2137026968113027,-0.2991096934909058,-0.5610218147252637,-0.17851414504697788,0.4277516066786549,-0.2678696165335696,0.3147189243698448,0.6072064424515434,-0.5003698467504231,-0.6501958630822329,-0.475169136775874,-0.7071608971917688,-0.21360565635267148,0.8513248871849245,0.1093256064323248,-1.2818529544107322,0.9904402372785199,-1.6682841690990216,0.6664021123386494,-1.501183660672498,0.30264494164404054,-1.4770698517890286,-0.09997152797989253,0.254631611365215,1.6750173867630878,1.2562827223558615,0.1819604450437789,0.28889789168970975,0.08077465410304024,-0.03937484475023866,-0.10274077809706468,-0.5093778479963764,-0.24471413328730685,0.40299350878030166,0.1335899250545958,0.3825662473998731,-0.6398761172060843,0.150464286202512,0,0,0,0,1,0,0,0,0,0
GOOGL_2025-07-23,GOOGL,Alphabet Inc.,Q2,2025,2025-07-23,2025-07-23 20:30:00+00:00,0.012449502567490174,0.028845880544976034,0.03194858238248675,0.03730296631415829,0.015322018782929221,0.02274813843710292,132885.3,20308.008333333335,0.1528235879614475,0.0507200718615399,0.0,38.0,9221,4195,5026,0.5450601886997072,22,8,12,289,11,73,0.030148573907385318,0.007916711853378158,1,0.5139153530817987,-0.4128256977002221,0.10315257089618897,-0.38556827382699366,-0.028986160579001913,0.08747751046163316,0.3966748404884005,0.3100797582241151,0.026433763633716963,0.05304109551090188,0.009793459715374172,-0.008052693487319337,-0.01632942579508836,-0.010602629167289974,-0.02470547369473272,0.012305016843376013,-0.0240425688468515,0.012586423015695125,-0.0208393895448482,0.05099739815005277,-0.15294382258023542,1.6463154222683856,0.8922767745018912,1.165019916872106,-0.25424047646290965,-0.5656396344024874,-0.35360046872977335,-0.246430616557634,0.8352391172780821,-0.2547656972973614,1.1873851901910595,0.9377622875275251,-0.16824868476488672,0.5716585503478796,0.7745232518914805,-0.3429857998685053,-0.7068114430623805,-0.5648236908845294,-0.7071608971917688,-0.21360565635267148,1.3803797709113514,-0.7805339808075288,-0.7735845347395457,1.618054895850164,-1.2492094466731252,1.0705217724522869,-1.5119186094996075,0.30278547466702516,-1.468711495008655,-0.11229802153354168,0.2740440959418905,1.6353567266640092,1.2251909685060707,0.12396286468830457,0.23817904831532646,0.08776187151360362,-0.08036849900734556,-0.170290962396788,-0.11873812663218784,-0.26424215344652485,0.140384876026232,-0.28892895645647737,0.14803301047643444,-0.2557093997258078,0.6412885258513051,0,0,0,0,1,0,0,0,0,0
GOOGL_2025-10-29,GOOGL,Alphabet Inc.,Q3,2025,2025-10-29,2025-10-29 21:30:00+00:00,0.0034350582865284723,0.012057287940169819,0.015006232229964452,0.012658413021314468,0.012507670730334227,0.01472849702533751,5668.783333333334,2562.0252100840335,0.4519532780550853,0.01914065801914909,0.0,19.0,8734,4149,4585,0.524959926723151,23,7,12,280,9,47,0.03102816578887108,0.005381268605449966,1,0.46986274715425425,-0.4162626305333733,0.09397572751075906,-0.40287546196840107,-0.02504632268843409,0.08528583777172655,0.4253616910297118,0.3340548128102756,0.03301363193886875,0.06886947104042193,-0.0123586792877234,0.005936397134315555,-0.01475934523697819,0.013719330493800934,0.001903159765073439,-0.03564473454301643,-0.03190683300864754,0.0034725260640267046,-0.021129000853160492,-0.0025610561258457586,-0.15294382258023542,0.29200330946230807,0.2746198475851743,0.6012483695506848,-1.2921965373528053,-0.8778876633947729,-1.0978692372600738,-0.42978877096196083,-1.0160844001932066,0.7389813591979048,-0.10602951875636889,0.9377622875275251,-0.7991812526332116,0.18062855706255782,0.7373417386826056,-0.9572014164607683,-0.8717309004397756,-0.475169136775874,-0.8857368813311043,-0.21360565635267148,1.244337086524556,-1.0347795771617727,-2.0950824258846303,1.769936729527536,-2.5158641452869506,0.38576982191489084,-1.523903562235457,0.2697052007719016,-1.5337202151012275,-0.09720133021501233,0.26529965508357356,1.7510271000996722,1.3234939639117134,0.15183234843173923,0.3062324616150718,-0.11656610745387941,0.05415020840186235,-0.1540948949185742,0.1344760297216114,0.028729479882593747,-0.41651939334961463,-0.38346339286034814,0.037029617106291296,-0.259296464769335,-0.025352546294666503,0,0,0,0,1,0,0,0,0,0
GOOGL_2026-02-04,GOOGL,Alphabet Inc.,Q4,2025,2026-02-04,2026-02-04 21:30:00+00:00,0.0352849371691017,0.02244816493067552,-0.01604344860481411,0.0784192095695695,0.03679490052913264,0.04613745374231061,123764.68333333333,13409.558333333332,0.10834721159684621,0.043368822171062665,-0.03324837263223738,4.0,9564,4394,5170,0.5405687996654119,24,8,13,312,17,71,0.030844834797156002,0.007423672103722292,1,0.48473996480903586,-0.4049767629457541,0.10599278443671772,-0.38894563215748046,-0.018734003979919884,0.07499875795947379,0.3953818576301509,0.3181617842327902,0.026517372370552916,0.06861754308664729,-0.012006942987798213,0.005824352454044818,0.006004668826388177,0.047072987179213,0.04471601066623084,-0.05994569558636776,-0.05569564809170182,-0.02356642130710793,0.04820581012137292,-0.045842642681986914,-0.15294382258023542,5.0770655293458855,0.6569030622060378,-0.43195696798941685,1.477454692885917,1.8167469349680507,1.8170622835268422,-0.25957623225949455,0.11556849489548919,-0.4025219032495776,0.8862961792846861,-0.6949069004198576,-1.297285911476626,0.8470657119430858,0.935373711208135,-0.14242559853225614,-0.7436625768073378,-0.38551458266721855,-0.7071608971917688,0.2314061277153937,1.7280444087887177,-0.017797191744797144,-0.875238218673783,1.7382804037045378,-1.495521848268112,0.6170207001134815,-1.4845485337298066,0.31302374919075765,-1.4813974229921638,-0.07301375455999405,0.22425577045732345,1.6301431947761407,1.2583290522065218,0.12431699523074025,0.3051493083168695,-0.11332174503437834,0.053072789864106386,0.060094989257588466,0.48171852813023114,0.5001159896383444,-0.6987587911292468,-0.6694230427812178,-0.29229327597329385,0.5994699908489222,-0.5640776393925957,0,0,0,0,1,0,0,0,0,0
META_2025-01-29,META,"Meta Platforms, Inc.",Q4,2024,2025-01-29,2025-01-29 22:00:00+00:00,0.009154716336817952,0.03475544977213925,0.008820906474716506,0.06036478405906679,0.02576921529848981,0.03425491752584499,27747.283333333333,6648.858333333334,0.23962195698437747,0.045461723209672164,-0.0038589408668712652,26.0,10223,3929,6294,0.6156705468062212,26,8,12,236,15,93,0.021617920375623594,0.009097133913723956,1,0.5114033873804498,-0.2528747164737406,-0.04323092798219135,-0.291599823618183,-0.031643088153023816,-0.002609586869736187,-0.24148029909222593,-0.39880009623826373,-0.35645930702751855,-0.11436546451553144,0.004136667811670584,-0.03740143226024395,0.009576783134139849,-0.016765540254043514,-0.0319619978975833,0.17911110396264635,0.21870365757626675,0.2067649556925421,-0.11328294988981395,-0.02078420500567245,-2.064741604834917,1.1513133165112879,1.1096914473200454,0.39542623505749414,0.7170554208101275,0.593462388345198,0.7142946979498798,-0.39796685728212605,-0.5897315618914692,0.033589576624547195,0.9720162309999948,0.7482680851754111,-0.5667324118396182,1.3762007541916013,0.5595171102923343,1.4230581952312442,-0.12746466849138616,-0.20620547444990764,-0.7071608971917688,-0.21360565635267148,0.5792395184113336,-0.27204278809904103,0.24295230460282718,0.14504073082425248,-0.6594951431460424,1.031475877721092,-0.9541524141403295,-0.2248912038204419,-1.1157501342580785,-0.1224788504292496,-0.08538972752066613,-0.937795847156481,-1.6813723023276583,-1.4978070117561932,-0.48157818749956954,0.035584478758811315,-0.3625851570164512,0.0969429102571806,-0.1828997465534742,-0.34413936993502997,2.0777259338771294,2.629065306192382,2.513045053192082,-1.4006959879395928,-0.2521757373550945,0,0,0,0,0,1,0,0,0,0
META_2025-04-30,META,"Meta Platforms, Inc.",Q1,2025,2025-04-30,2025-04-30 21:00:00+00:00,-0.00022556325843684408,-0.0012151724436029578,0.0053637986544395186,0.048435132837057505,0.011566447935686711,0.018961765070952718,80881.45,3845.375,0.04754334893847724,0.007501288263685176,-0.021783074248971714,51.0,9963,4527,5436,0.5456187895212286,35,9,13,195,18,105,0.017765733212887685,0.010538994278831678,1,0.48311412453370617,-0.2799967415385835,-0.03623921512960637,-0.2995912668468131,-0.039542432215791935,-0.001334748975559362,-0.24528394632402892,-0.4255093498765077,-0.38017912408273097,-0.1291828529085816,0.01705051999272306,0.023366867460699818,0.003371801735824582,-0.05391636508672282,-0.061297821753354485,0.09396952210336296,0.05742784055509853,0.14338149305993575,-0.08469183924486713,-0.001921950977753944,-0.15294382258023542,-0.25796116357967547,-0.2136776104708451,0.28038794299360453,0.2146136178263157,-0.9823150323551647,-0.7049976569240245,-0.32138416982072143,-0.8822008260506972,-0.6045201051712321,-0.5827493248848259,-0.1319007163869299,0.2634420195660724,1.167437308084448,1.042876782007708,0.22805366226942633,-0.7022282120336845,0.6006855125279915,-0.5285849130524333,0.2314061277153937,-0.040510488239623645,0.1093256064323248,0.8528744082082509,-0.5201282665935952,0.06082829840648046,0.5917487036820931,-1.0487298191356536,-0.19968779057196223,-1.145767343971236,-0.15274759809015415,-0.08030331812162145,-0.9531328147014748,-1.7908861150388107,-1.5982739246425657,-0.5452849055044885,0.1546998976567474,0.22176112760010683,0.03293581399128069,-0.5696742868839441,-0.6671384537873886,1.0888634462125102,0.6904073270092389,1.7410614030498692,-1.0465724761618118,-0.017397616547381718,0,0,0,0,0,1,0,0,0,0
META_2025-07-30,META,"Meta Platforms, Inc.",Q2,2025,2025-07-30,2025-07-30 21:00:00+00:00,0.005277057100843819,0.01716662158856986,0.026909794069967543,0.051060799033992785,0.010292649175500752,0.014868972411922622,62920.46666666667,5036.983333333334,0.0800531782451285,0.031303824240506956,-0.001827064892413836,45.0,10223,4437,5786,0.565978675535557,24,8,11,231,13,100,0.02132446444292282,0.009781864423359092,1,0.510641167967582,-0.2716978496131371,-0.04489723518007071,-0.3120303826268218,-0.03558036546020997,-0.0045859074035161625,-0.2404654411303311,-0.41849712233418734,-0.3946811474533603,-0.11844613796185276,0.020657131002364285,0.004023536890713504,-0.01201201382037908,-0.014307530103426445,-0.009247902886765106,-0.05920831653788901,-0.09096935039572217,-0.04466359428399412,0.0004691274039768976,0.022668645467863492,-0.15294382258023542,0.568741534054847,0.4625936339619731,0.9973498204568735,0.3251989512506413,-1.1236412453067368,-1.0848323148324532,-0.34727147472088604,-0.7578880440654274,-0.49651829775941964,0.39214369549622785,0.8480438346209854,0.06420015602870663,1.3762007541916013,0.9701303431207788,0.7155263738505875,-0.5351785806574894,-0.38551458266721855,-0.7071608971917688,-0.6586174404207367,0.5036602493075583,-0.526288384453285,0.5987401983726577,0.09436879296278618,-0.31741802585213236,1.019627969550639,-1.0197906945397255,-0.2308978333535101,-1.192490762549381,-0.13756573009106055,-0.09327494601351176,-0.9337037632496932,-1.7621344402762453,-1.659698239815898,-0.4991228657936801,0.187966731998064,0.03575619735543607,-0.12575497007942227,-0.15730958131718914,-0.09404815330174003,-0.6901946270121696,-1.0934397719480227,-0.5492478809430751,0.008213430919036702,0.2886810744986419,0,0,0,0,0,1,0,0,0,0
META_2025-10-29,META,"Meta Platforms, Inc.",Q3,2025,2025-10-29,2025-10-29 20:30:00+00:00,0.006372453176865219,0.0016587129865211312,0.009795902066701062,0.06088461329181068,0.016339067676464862,0.021668340918464573,57996.55,14080.133333333333,0.24277536048839685,0.021337331550616626,-0.00858474798071116,15.0,10240,3999,6241,0.60947265625,31,10,14,278,12,81,0.0259765625,0.00791015625,1,0.5184559087389535,-0.26769618099221393,-0.044476681482973054,-0.29885945809633435,-0.03609491503305444,-0.003758636900020963,-0.2541066086926163,-0.4025417569111988,-0.3790717003553166,-0.12139549520713874,-0.009984513805276783,-0.01691968046891213,-0.013060050893365033,0.0343940017538024,0.018085203965150107,-0.05348556318415262,-0.04762438262730979,-0.11678282980854197,0.05262610284747634,0.003109403507898799,-0.15294382258023542,0.7333116537248042,-0.10794657721121347,0.4278700677357406,0.7389490983437729,-0.4527994645086219,-0.4538118782174855,-0.35436835408920214,0.18552524280323768,0.044065586040664226,-0.016059202317445995,0.5162062111013737,-0.9320091616581221,1.3898506718216845,0.616097673871057,1.3492408989060969,-0.17831737621274144,0.2420672960933697,-0.35000892891309776,0.6764179117834589,1.2141053788830458,-0.6534111826304069,-0.3669697990025966,0.8976608631014064,-1.2524844897362968,1.1410999885940099,-1.0058364476531714,-0.22938184022784713,-1.1430185467759626,-0.13953738382024344,-0.08997426246484187,-0.9887073246812876,-1.6967139337979504,-1.5935833554492425,-0.5118034992047154,-0.09466716420985034,-0.16563319988314404,-0.13656593074387446,0.3497185313103424,0.2069002201072587,-0.6237286770722251,-0.572400293284961,-1.4276295340316452,0.6542188113019737,0.045227558021394956,0,0,0,0,0,1,0,0,0,0
META_2026-01-28,META,"Meta Platforms, Inc.",Q4,2025,2026-01-28,2026-01-28 21:30:00+00:00,0.007853828317868312,0.02395532013479511,0.008606567487482125,0.044139206706403436,0.02098194795224162,0.024983109883729357,57468.65,14377.6,0.25018162076192846,0.040611712398464665,0.0,16.0,10669,4109,6560,0.6148654981722748,29,9,13,246,8,125,0.02230762020807948,0.011716187084075359,1,0.5180011746184054,-0.25827571265757404,-0.04116951032850552,-0.29999078939738455,-0.03660883344817336,-0.009957687982940602,-0.23387753883001272,-0.3971603889379739,-0.36025345766247524,-0.11612219974581971,-0.011404810511237375,0.007936351079899623,0.0201664556771811,0.05312700389726263,0.06788672245822214,-0.16389640963429822,-0.13577717406537645,-0.19237444269792767,0.13057255387265843,-0.008914192177440973,-0.15294382258023542,0.9558704975691709,0.7123517155670435,0.3882939174394189,0.033681851222031226,0.062321688904409304,-0.14618228618601503,-0.35512922046289536,0.21655801409795977,0.068670129120811,0.7733717801220267,0.9377622875275251,-0.8988021844018944,1.7343103578984875,0.7050099880661926,1.7935374560329267,-0.1340699646824368,0.06275818787605876,-0.5285849130524333,0.2314061277153937,0.730398056618884,-1.1619023753388946,1.869411247550624,0.2641333207461071,0.6489293332668472,1.1340316195505677,-0.9729862660461284,-0.2174602978180098,-1.1472680181101291,-0.14150661907597117,-0.11470753391633132,-0.9071401947555457,-1.6746491418598595,-1.5138773971403927,-0.4891311943423795,-0.10776776616176664,0.0733817100708731,0.2061800128971392,0.5447464566842404,0.755234738571925,-1.9060767601310404,-1.6320638911214813,-2.3483032683893716,1.6196472380053197,-0.10442991113248147,0,0,0,0,0,1,0,0,0,0
MSFT_2025-01-29,MSFT,Microsoft Corporation,Q2,2025,2025-01-29,2025-01-29 22:30:00+00:00,-0.0025389511619350017,-0.044305078162075774,-0.03476041230677507,0.012146974620825361,0.028544356768549464,0.034535675187773916,3770.5666666666666,6172.566666666667,1.6370395254471035,0.004599824117745481,-0.044305078162075774,30.0,9411,4789,4622,0.49112740410158323,27,9,10,277,40,111,0.025183296142811604,0.011794708320051004,1,0.525085600099168,-0.1866817792451816,-0.2894333203684635,0.4655229108008088,0.002458462878931798,0.13921030459645867,0.3121102480658142,-0.30619549644464394,0.1144173058916024,0.08869677375291753,0.011501976447356434,0.016017888630785796,0.009738275569682485,-0.01639140713417526,-0.007427609221078039,-0.014802318881935516,0.027865489032693962,0.024104035052810578,0.003292794862434076,0.006968677972268527,-0.15294382258023542,-0.6055199438744896,-1.7989670610936295,-1.0547803362009671,-1.313736817724357,0.9013605011610193,0.7403506209731624,-0.4325246853996396,-0.6394199875792169,4.6759893160817105,-0.7015861222545225,-1.2378490359176881,-0.4339045028147077,0.7242164532723379,1.2546497485452128,-0.9056685869507599,-1.1493213755771226,-0.11655092034125217,-0.5285849130524333,-1.103629224488802,1.1989895250622906,2.906027166329008,1.1578354600109628,0.7606851230333767,0.6881569091831244,1.2441516468281328,-0.7233305556276143,-1.1123905575419533,1.7281306576661475,0.008191650162923883,0.48045008020715146,1.2943775741819712,-1.301673081400402,0.49662319570527463,0.3914790886992056,0.10352097138333852,0.15109355100661603,0.0986087753427389,-0.17900467380310664,-0.07400599633864158,-0.17444868536559033,0.33504537801471496,0.2883126325108461,0.043186785011464175,0.09326387462941088,0,0,0,0,0,0,1,0,0,0
MSFT_2025-04-30,MSFT,Microsoft Corporation,Q3,2025,2025-04-30,2025-04-30 21:30:00+00:00,-0.0024162402157466307,0.018630182929739236,0.012560861327541977,0.008398673403628733,0.020714850453885374,0.02540316674551253,5043.333333333333,4370.325,0.8665548578982155,0.0282465393611287,-0.007771873416316137,38.0,8779,4525,4254,0.48456544025515436,25,8,11,275,32,124,0.027679690169723204,0.014124615559858753,1,0.5259730468565543,-0.18439371150121175,-0.29049288767671677,0.4735789730530168,-0.005620621786140881,0.14920467277017385,0.3078443988534664,-0.29128776464460043,0.10604886886320772,0.07645342327448108,0.008007788410934944,-0.007955495408671855,0.0077151869509872375,-0.014049874318969154,-0.029374461270493223,-0.01291882777526819,0.03237903703430284,-0.006887296083964633,0.01725293516686451,0.01886206066848709,-0.15294382258023542,-0.5870840962928707,0.5164384571475685,0.5198765099785194,-1.4716042345202593,0.032687590402055364,-0.1071985976169218,-0.4306902369089705,-0.8274361914994948,2.116340789679128,0.2669248661612048,0.5561226085032455,-0.16824868476488672,0.21676069196571898,1.0412601944768873,-1.4182113236989522,-1.203161246825833,-0.2958600285585631,-0.7071608971917688,-0.6586174404207367,1.1687578174207807,1.889044780912032,1.8185844055835052,1.1917451525417435,1.852130094167006,1.2579460838500385,-0.7153518184514334,-1.1162100383040405,1.7583905873394805,-0.022765828472647083,0.5203260898931695,1.277176927819558,-1.2405481031284373,0.4611781063957824,0.3388393349399685,0.07129110953954426,-0.07943384497900603,0.07773973164078164,-0.15462714564999244,-0.3156495629299986,-0.152573196790437,0.3893016577804325,-0.08914861589728526,0.2160941606957025,0.2413005851589265,0,0,0,0,0,0,1,0,0,0
MSFT_2025-07-30,MSFT,Microsoft Corporation,Q4,2025,2025-07-30,2025-07-30 21:30:00+00:00,-0.0006894049619928976,0.014189999141734242,0.012955486304356847,0.009820098182780426,0.016507384629420908,0.017780454346891118,4242.766666666666,2409.4873949579833,0.5679047622128603,0.018525536767840776,-0.0014337700620392615,29.0,8753,4506,4247,0.4852050725465555,19,8,11,285,21,104,0.030161087627099282,0.011881640580372443,1,0.5185612226384005,-0.21032068654592634,-0.30183354051484534,0.4864231247636967,0.0048870139538852945,0.15509021493548886,0.3167606880627924,-0.3129989811718349,0.11592211917969877,0.08354786904084681,0.0015476300895858135,0.015131988985236825,-0.0038426532506520604,-0.0018247399136965708,-0.01677820219171545,0.008788815538109698,0.007851910937337326,0.006479007305624352,-0.008408505575759517,0.005169489096548082,-0.15294382258023542,-0.32764781513259306,0.35308287767752583,0.5330080018782709,-1.4117380057804594,-0.43412493107340866,-0.8146300747225428,-0.43184409986893696,-1.0319976827927246,1.1241870070959006,-0.1312233642849497,0.8673566701222626,-0.46711148007093534,0.19588434735500365,1.0259026129340911,-1.4279607779305754,-1.1979131654554525,-0.8337873532104959,-0.7071608971917688,-0.6586174404207367,1.319916355628331,0.49069400096369065,0.8020475662411323,1.6202156782951669,0.7315864578773219,1.1427369836490504,-0.805761956088471,-1.1570903155713232,1.8066353892428255,0.017497384801810657,0.5438085084225169,1.313128957514065,-1.3295688647228507,0.5029969356533326,0.36934159646204867,0.011703586482440877,0.142574764586774,-0.04148444373113415,-0.027352158852976396,-0.17695974251059454,0.09954655127438676,0.09446694794869027,0.0736472815028507,-0.1017430729082861,0.07086940456265388,0,0,0,0,0,0,1,0,0,0
MSFT_2025-10-29,MSFT,Microsoft Corporation,Q1,2026,2025-10-29,2025-10-29 21:30:00+00:00,0.001544576396285247,-0.02101169754407146,-0.016785392146633948,0.01746698146842258,0.0251554862353245,0.028780761385396536,7189.983333333334,4863.949579831933,0.6764896877134995,0.013276727019821811,-0.029615356396876118,28.0,9527,4501,5026,0.5275532696546656,25,7,11,261,21,109,0.025191560827122914,0.01144116720898499,1,0.520993779786049,-0.19802903993086088,-0.2992206867749342,0.4760424261565902,-0.0011251108814579556,0.15246047832928783,0.3107128245665881,-0.3129589438994072,0.10500424675302542,0.09051963427563128,-0.00869848900408278,-0.00816308278710441,-0.0076152259811373855,0.013731861372486606,0.019685163639778,0.003876965800222423,-0.04688393070316414,0.0012373739361804222,-0.0009278696319758585,-0.02375480276176978,1.7588539596744461,0.007981084331444593,-0.9419971989564554,-0.4566457894829705,-1.0896737849794007,0.5253699965275085,0.20626157773867754,-0.4275962535767325,-0.7759395352084449,1.484920005756915,-0.34620163355989336,-0.5165067804381723,-0.500318457327163,0.8173570676893755,1.0218611441070395,-0.3429857998685053,-0.850452933537765,-0.2958600285585631,-0.8857368813311043,-0.6586174404207367,0.9571358639302099,0.49069400096369065,1.0561817760767256,0.7621122114756279,0.5115351252599993,1.1805485549868646,-0.7628996684387422,-1.1476716174706898,1.7676437330245516,-0.005539906408808185,0.5333162591319279,1.288742919455044,-1.3294047031025562,0.4567535377619446,0.3993163983655495,-0.08280506599471697,-0.08142999945226584,-0.08040018101212676,0.13460648778991585,0.22451641222943292,0.042498704091213715,-0.5634994980047978,0.00980641366157672,-0.009089481949868436,-0.2891507117043878,0,0,0,0,0,0,1,0,0,0
MSFT_2026-01-28,MSFT,Microsoft Corporation,Q2,2026,2026-01-28,2026-01-28 22:30:00+00:00,-0.0037869297831168,0.004882098533579603,-0.01807809374792144,0.016277524196645632,0.01329925614839376,0.019618181616064254,8668.083333333334,9507.533333333333,1.0968437851505042,0.012592437346313544,-0.028072252035357348,58.0,9204,4943,4261,0.4629508909169926,16,8,11,268,27,114,0.026184267709691438,0.012385919165580182,1,0.5279592452744721,-0.1874932030290413,-0.30139591768475504,0.47725530730482874,-0.005866779841699121,0.13768491106227865,0.3122205644794843,-0.3062044367623347,0.11894421001021045,0.08409376592207118,-0.011822708798287689,-0.016898623923501988,-0.010473401173504942,0.01854326078541298,0.030076024511233822,0.018264609638105875,-0.022359219090930152,-0.022965068684368387,0.00332665684120512,-0.023704920065807506,1.7588539596744461,-0.7930137605215235,0.010642661215712834,-0.49966156801557454,-1.1397702249407995,-0.7900623546735516,-0.6440784326609125,-0.42546585655654706,-0.29150450850417825,2.8813900348034647,-0.37422844663861954,-0.44073227644346724,0.49589086035966573,0.5580086327177965,1.3791269884184028,-1.408461869467329,-1.3805051915198963,-1.1027510155364622,-0.7071608971917688,-0.6586174404207367,1.0629468406754952,1.2534307900264223,1.3103159859123188,0.9335259600586355,0.9835135478982321,1.2888194728854216,-0.7261600772302772,-1.1555127923997792,1.772199519350278,-0.0237090581901004,0.47436399189354267,1.2948223891590258,-1.301709738668719,0.5157972087539635,0.3716886563992936,-0.11162239674146027,-0.16543072072651502,-0.10988350786502414,0.18469761778937543,0.3389239215742671,0.2096015575556479,-0.2686938121158688,-0.28496905647749354,0.04360619239255751,-0.28852982272677613,0,0,0,0,0,0,1,0,0,0
MU_2024-12-18,MU,"Micron Technology, Inc.",Q1,2025,2024-12-18,2024-12-18 21:30:00+00:00,-0.0033374154906943305,0.02695462847984792,-0.01962716512504041,0.12166642327999838,0.029312938936910896,0.03782397909025488,147293.0,5998.75,0.04072664688749635,0.02889868352564394,-0.020306974804518183,34.0,8770,3830,4940,0.5632839224629419,27,13,11,276,27,117,0.02839224629418472,0.013340935005701254,1,0.33347934717895433,0.28127125354090354,0.018043161153022968,-0.027218796676404165,-0.3577183713121784,0.43990952734449296,-0.12544269036794298,0.08690985217691495,0.035603677103243504,-0.00512097399790741,0.6103061202027921,0.1729881722211581,0.02232407533726747,0.05553049088794435,0.1071247933293228,0.1624180747186475,-0.08679234677385807,-0.02609789963343143,-0.0006139735358746263,0.027353972410568552,-0.15294382258023542,-0.7254796306148205,0.8226970922694741,-0.5512082754869504,3.2989000667963797,0.9866336311024958,1.0455241032266702,-0.22566468654767158,-0.6575531549835566,-0.6271660604959843,0.2936350786733184,-0.05941650466437396,-0.30107659378979723,0.20953426498508673,0.4794960275167122,-0.4627648089998763,-0.5572886016621956,-0.11655092034125217,0.18571902350490876,-0.6586174404207367,1.1838736712415356,1.2534307900264223,1.4627965118136748,1.3147844086549876,1.460619593213369,-1.7341683108623105,0.90847176720001,-0.004013112505805346,-0.12269036985158249,-1.3719358162198751,1.6801942671797485,-0.46991201604751004,0.31014528341722863,0.16280266246474004,-0.011886244062250402,5.626799805711418,1.6605154442051275,0.22843680311505077,0.5697689852606038,1.1872614989523438,1.8838475719251417,-1.0432290115862206,-0.32312560663876594,-0.005201630608061601,0.34699925075424126,0,0,0,0,0,0,0,1,0,0
MU_2025-03-20,MU,"Micron Technology, Inc.",Q2,2025,2025-03-20,2025-03-20 22:00:00+00:00,-0.00441584782955301,-0.015874849110541593,-0.026792406315270193,0.012480186828673658,0.0094928304140517,0.012365968977257086,3908.8813559322034,770.9298245614035,0.19722517885876062,0.0,-0.026792406315270193,113.0,6279,238,6041,0.9620958751393534,31,17,12,121,15,64,0.0168816690555821,0.010192705844879758,1,0.31958864412409455,0.2834489963769707,0.008860686024846996,-0.044614722708362045,-0.4774316932617915,0.6110211030537293,-0.16130463858706684,0.10737174571131171,0.056073184789677634,-0.053791026715101116,-0.010890011071019107,-0.007653935875173033,0.0028513977528817572,0.011730411413337164,-0.0680394360807878,-0.15469023388375774,0.04479009455352662,0.03351434515290397,-0.023496858810276574,-0.032229562453526706,-0.15294382258023542,-0.8875011522789692,-0.7530111360876298,-0.7896379547452106,-1.299702900104147,-1.2123800321043545,-1.317125404796876,-0.43232533136279555,-1.2029377847717222,-0.10725793822436659,-0.8899835447702252,-0.37788515019083974,2.3222746094521853,-1.7905801359876785,-2.4238951778371716,1.0706850637168621,2.714900134371474,0.2420672960933697,0.9000229600622508,-0.21360565635267148,-1.1590836709754977,-0.27204278809904103,-1.2310261124436135,-0.6727823418827003,-0.11217019891711066,-1.95008484544361,0.9160657896113148,-0.03711368745486676,-0.18803240443991628,-1.8306539458453974,2.362903442164537,-0.6145136319224489,0.3940435460415675,0.2495026669703814,-0.22114102240045477,-0.10301933400455231,-0.07653405686908782,0.0275676193593962,0.11376953756254092,-0.7413663078320778,-1.7991531905219735,0.5384920084117739,0.4029262121151749,-0.28862425778786566,-0.3946358860521965,0,0,0,0,0,0,0,1,0,0
MU_2025-06-25,MU,"Micron Technology, Inc.",Q3,2025,2025-06-25,2025-06-25 22:00:00+00:00,0.0014817705967194676,-0.0014058109156869947,0.002105017734376021,0.020704502162934013,0.009827009140292105,0.013121209740528914,7079.183333333333,1268.5,0.1791873356389979,0.005370707597259898,-0.007677881653356139,60.0,5872,221,5651,0.9623637602179836,27,12,12,108,17,62,0.015497275204359673,0.01055858310626703,1,0.3176932177532142,0.2846389736397512,0.02710300401503329,-0.030807264109880286,-0.46764149586175163,0.5936096532806016,-0.1493257165503703,0.08409371323826949,0.060784578817442286,-0.06604775174971014,0.01394112157802426,0.010939254176856143,0.01308999971684076,-0.007776309945148902,-0.09851297891585993,-0.2689898035567731,0.1141211062567955,0.09196127921987048,0.0025929904218214813,-0.057790612316133465,-0.15294382258023542,-0.0014547336131011058,-0.22069125214952967,0.17194915232133126,-0.9533189406779468,-1.1753033640271757,-1.2470347256800312,-0.4277559504780494,-1.1510295100379906,-0.16718195846973619,-0.6700126409902788,0.5607380962145704,0.5623048148721209,-2.1173752227784917,-2.437636171849147,0.5275011850978539,2.717098088898571,-0.11655092034125217,0.007143039365573268,-0.21360565635267148,-1.3555897706453133,-0.017797191744797144,-1.3326797963778507,-0.9118298832267305,0.07061446906188724,-1.9795472773981475,0.9202153677216569,0.028645403144349407,-0.13616925926089302,-1.7931398165331964,2.2934344044291817,-0.5662125337121032,0.2985984945599837,0.2694580996897408,-0.27383827948321465,0.12601927707237578,0.10225754296118073,0.13318327546970946,-0.08931352239004438,-1.0768921299755565,-3.126666191075059,1.371903498900396,1.1147850413206801,0.0345191536925942,-0.7127937925109139,0,0,0,0,0,0,0,1,0,0
MU_2025-09-23,MU,"Micron Technology, Inc.",Q4,2025,2025-09-23,2025-09-23 22:00:00+00:00,-0.010580844147550207,-0.006083759668550839,-0.006203419833824752,0.015877528585325245,0.011957132617163834,0.014132842951220878,7791.133333333333,1998.4916666666666,0.25650846688971224,0.002079064576157311,-0.012385355915409358,4.0,7107,223,6884,0.9686224848740678,42,23,15,98,18,81,0.01125650766849585,0.011397214014352047,1,0.3338010169013674,0.28179686715371677,0.005616797934660415,-0.04218761323087253,-0.4808784432924861,0.6169200194703155,-0.16176405623589618,0.09618318919918246,0.054181403754553104,-0.05979970889753938,-0.17658894709505132,-0.05738629010419916,-0.00443711412084667,-0.012185265124121275,-0.0034293819932385496,-0.017787738528607707,0.03186658094977394,-0.018482691528655643,0.002383710177656273,-0.005483285990067164,-0.15294382258023542,-1.813717891618305,-0.3927942698938882,-0.10452138815741317,-1.1566168629855602,-0.93896910659583,-1.1531493553414696,-0.4267298114086217,-1.0748742060082292,0.08968872046965193,-0.8048302003454564,0.32957646115584904,-1.297285911476626,-1.1257488537695133,-2.4360195843183265,2.2447979090394874,2.7684499307481847,1.2282673912885798,1.9714788648982637,1.1214296958515242,-1.5067483088528637,0.1093256064323248,-0.3669697990025966,-1.6440962480077406,0.48957702363559974,-1.7291682895193408,0.9103046381383431,-0.04880710990979017,-0.1789157715491783,-1.8438612205381204,2.3864392219233257,-0.6163660838298654,0.34816800421725363,0.2414898985745062,-0.24697509053875893,-1.6314012527943587,-0.5547589957338848,-0.04761656753656377,-0.13521483468566428,-0.029983924963555543,-0.20912233640733688,0.38314154589507465,-0.2303756067942776,0.03192705239475276,-0.06172548640429503,0,0,0,0,0,0,0,1,0,0
MU_2025-12-17,MU,"Micron Technology, Inc.",Q1,2026,2025-12-17,2025-12-17 23:00:00+00:00,-0.00563381771825602,-0.014185798134978106,-0.020315704672172172,0.018653139290490794,0.008626310818907816,0.010360555528266986,10480.366666666667,2210.75,0.21094204719300533,0.0,-0.020315704672172172,57.0,5829,222,5607,0.961914565105507,32,16,12,58,6,58,0.008920912677989364,0.009950248756218905,1,0.3407009178120925,0.2665661977259117,0.010891075108501302,-0.03830568714016415,-0.4222895749135907,0.5326967212454693,-0.15265041368341709,0.08764985398875934,0.04293572871722704,-0.05009313870115747,-0.3223492231444179,-0.11307060787125438,-0.04980609188940843,-0.028444055288897267,0.08888695526928594,0.34376442621474684,-0.13325763601355492,-0.09642250918790306,0.024066722780643146,0.08420935909607272,1.7588539596744461,-1.0704865168662556,-0.690870487402548,-0.5741200322611825,-1.0397163081301384,-1.3085191842669275,-1.5032392871313474,-0.4228537985002146,-1.0527306684228452,-0.06168874872926229,-0.8899835447702252,-0.05984518687661876,0.4626838831034381,-2.15190148501929,-2.4368278780837365,0.46621890135622224,2.71341251433777,0.33172185020202516,0.7214469759229153,-0.21360565635267148,-2.111382461683066,-1.4161479716931384,-1.5359871642463254,-2.047390613670381,-0.23329671626883955,-1.621916504803023,0.8571936632985386,-0.02979463185154321,-0.1643346018878197,-1.6193600899876317,2.05040106549088,-0.5796182911125606,0.31317945355638227,0.1938580702305683,-0.205242113451792,-2.9758719883176816,-1.0902178508937237,-0.5156174109083526,-0.3044839187674584,0.9864556509965622,3.9900640686507356,-1.6017771274997645,-1.1796494777527244,0.3004883078228865,1.054677178538546,0,0,0,0,0,0,0,1,0,0
NVDA_2024-11-20,NVDA,NVIDIA Corporation,Q3,2025,2024-11-20,2024-11-20 22:00:00+00:00,0.004013013065612865,-0.0025684648461201417,-0.005004180584575839,0.06069828658529722,0.017584113055900873,0.02077759543692749,368334.9666666667,28315.533333333333,0.07687441024017179,0.009384556867523756,-0.011224714359731044,44.0,8870,2445,6425,0.7243517474633596,36,10,13,157,8,90,0.016798196166854566,0.010146561443066516,1,0.4419538085416399,0.15269437038352737,-0.06917775123103861,0.0014208025889127728,-0.0806436618873001,-0.17597577322002875,-0.19352525166311638,0.09322790776742387,-0.04646675356498224,0.6097695645668936,-0.05628069158961195,-0.029477109190624923,0.4619892779841896,0.012609787322679351,-0.08937858172049791,0.02149787074661021,-0.06024777135708004,0.01215432583373532,-0.09037072217313004,0.024893706843569816,-0.15294382258023542,0.3788340816732212,-0.26346560915747785,-0.06461565128672374,0.7311015657862461,-0.31466339943437344,-0.5364781732023125,0.09292481830490376,1.6706123533665034,-0.5070785712889987,-0.5056152993686862,0.38657003877143364,0.030993178772479004,0.2898278981032226,-0.6399908375765865,1.6055122672801931,0.7642473231435563,0.690340066636647,-0.35000892891309776,0.2314061277153937,-0.6149129334283157,-1.1619023753388946,0.09047177870147124,-0.6871958621403792,-0.13522298206231748,-0.048045607389074756,0.4601104106147784,-0.31842314979905545,-0.015115200679646236,-0.3102395036957705,-0.7770944562211369,-0.7444327508395129,0.33605070054378283,-0.18481227863278324,2.631808927120123,-0.5216961043618482,-0.2863850861719935,4.763775613031351,0.12292465631549873,-0.9763187852434958,0.24715372129520674,-0.7241430265559233,0.14277025035114752,-1.1169099314116229,0.31637637155576687,0,0,0,0,0,0,0,0,1,0
NVDA_2025-02-26,NVDA,NVIDIA Corporation,Q4,2025,2025-02-26,2025-02-26 22:00:00+00:00,-0.0043660113014200004,-0.01510276818575663,-0.034021228751425714,0.08190816760808527,0.018128733133629425,0.023416815175224297,444319.7833333333,32794.583333333336,0.07380851486581343,0.0,-0.0407666168909573,74.0,8378,2462,5916,0.7061351157794223,24,9,13,132,11,86,0.014442587729768442,0.010264979708761042,1,0.45761427687097506,0.158521940637374,-0.08005116871966247,-0.02006034862060087,-0.0620808974961587,-0.19272999969670193,-0.20490583301020393,0.09208514578270997,-0.07204791413202058,0.6548915238746693,0.001266013281672994,-4.313400932791318e-05,0.20322369864207765,0.01746829185518742,-0.11622442520782919,0.006629646400271043,-0.025434409394023465,-0.010330158207004583,0.10717273111870092,-0.032620062526375226,-0.15294382258023542,-0.880013811783307,-0.7246060670887444,-1.0301833556756994,1.6243993381889226,-0.25423855409103946,-0.2915434281623075,0.2024423252435426,2.137882638891912,-0.5172638675156533,-0.8899835447702252,-1.0640920597792893,1.0272024964593076,-0.10521677683800598,-0.626249843564611,0.8965876667235902,0.6147827531761194,-0.38551458266721855,-0.5285849130524333,0.2314061277153937,-0.992809278947192,-0.7805339808075288,-0.11283558916700334,-1.093946011136974,-0.07606368012714769,0.19538008807327548,0.48043177197032094,-0.3576191580115083,-0.09580203061618937,-0.23911060656460925,-0.8439412729136235,-0.790321235266789,0.3313651251375053,-0.2931630396963545,2.8258088319075383,0.009105995649517066,-0.003348797224138621,2.094495516277322,0.1735061942952785,-1.2719021952845246,0.07446924687968341,-0.30565993840010874,-0.13108121405915152,1.3298219314087185,-0.399496433107864,0,0,0,0,0,0,0,0,1,0
NVDA_2025-05-28,NVDA,NVIDIA Corporation,Q1,2026,2025-05-28,2025-05-28 21:00:00+00:00,0.0038665730621528743,-0.010906623695393688,-0.008275323951540436,0.034930821989713784,0.014548129233453085,0.01877346296951016,353689.0333333333,41648.48333333333,0.11775452278182971,0.006109355050765037,-0.013973345066178242,28.0,8238,3784,4454,0.5406652100024277,14,6,10,148,20,78,0.015537751881524642,0.009468317552804079,1,0.4721268136111111,0.15356163499628123,-0.06991042535654922,-0.0007549540099739359,-0.05102549769849773,-0.18799318660600464,-0.19358347859975394,0.08562441745404799,-0.05475878310202193,0.6125879747749345,0.05700910748527464,0.007212946744170333,-0.2988606233120959,-0.08026057178770907,-0.2650317993770418,0.07214845394249765,-0.07474539635083914,-0.02769786227189727,0.06848115557431995,-0.06765636177395667,1.7588539596744461,0.3568332278985644,-0.5702287603171144,-0.17346581321241636,-0.35414821468016916,-0.6515016109475846,-0.722473173091956,0.07181552073967294,3.0615526986173913,-0.3712696133258126,-0.6397594676458247,0.25159787898785263,-0.500318457327163,-0.21762786320339625,0.4423145143078373,-1.1396554885097172,-0.7428715453031335,-1.2820601237537732,-1.0643128654704397,-1.103629224488802,-0.7509556178151111,0.3635712027865687,-0.5194503249039525,-0.9048406509721101,-0.4740595192670212,0.4209623806713219,0.4631346551659295,-0.32106426066145094,-0.023287709730275375,-0.19674846812541438,-0.8250421087641314,-0.7446675319806209,0.30487471841383607,-0.21993373876925273,2.64392655943042,0.523271863714144,0.0664254740432057,-3.084723802195651,-0.8439419103629782,-2.910330547030819,0.8354263444598636,-0.8984155051735143,-0.3426124719255897,0.8505961756085287,-0.8355925902918728,0,0,0,0,0,0,0,0,1,0
NVDA_2025-08-27,NVDA,NVIDIA Corporation,Q2,2026,2025-08-27,2025-08-27 21:00:00+00:00,0.0019882416297831653,0.01018338739069865,0.001079821650205364,0.049242584849636735,0.01418700249360449,0.01697040245442191,241258.85,20315.833333333332,0.08420761905038232,0.012263851465915049,-0.0011379154618848778,14.0,7938,2863,5075,0.6393298059964727,19,8,12,181,8,76,0.0217939027462837,0.009574200050390527,1,0.4406931831216336,0.17061892703871362,-0.07934186355550724,-0.028106541655929004,-0.05432331426387283,-0.20213501320459556,-0.19851260206584426,0.09759840444392452,-0.06322007405530829,0.6390212346812573,0.007795767083506089,-0.03060155661573646,-0.3114028359094609,-0.0016531375800793162,0.02155286303479232,-0.03483582462801639,0.12685351246305757,-0.07851042653241855,-0.08365356722454424,-0.030935689653572917,1.7588539596744461,0.07463646330207868,0.20567853237316772,0.13783485427663483,0.24862112043248868,-0.6915681239114525,-0.8898075413321102,-0.09023097648800703,0.836055448862734,-0.4827167145053051,-0.3876865118510066,0.8818846801132301,-0.9652161389143497,-0.45850876255780393,-0.30212404363507106,-0.2747396202471427,0.06665579581690678,-0.8337873532104959,-0.7071608971917688,-0.21360565635267148,-0.2521324417301944,-1.1619023753388946,-0.6211040088381898,0.17542814766307005,-0.4211628262811172,-0.06764071866730716,0.5226152586151097,-0.3550622865340311,-0.12602488984500898,-0.2093850587911855,-0.8814658470757225,-0.764542615556355,0.3539706978962987,-0.2557721172496325,2.7575752126298374,0.0693354568901327,-0.2971977414236283,-3.214102209248554,-0.025565619415336062,0.24508052511977368,-0.40712444609381265,1.5249567051522113,-0.9614879198999905,-1.0337126562484382,-0.37853107566804295,0,0,0,0,0,0,0,0,1,0
NVDA_2025-11-19,NVDA,NVIDIA Corporation,Q3,2026,2025-11-19,2025-11-19 22:00:00+00:00,0.006600346302990576,0.0085872537503429,0.007263087526810015,0.03830628058940043,0.01562111106536796,0.02124189994196027,289988.45,39847.575,0.1374109037790988,0.017555469306522565,-0.00835099445728486,12.0,9161,3240,5921,0.6463268202161336,28,8,12,172,11,77,0.017574500600371138,0.008405195939307936,1,0.49657618856538605,0.12058359233768833,-0.08972668936100782,-0.012275241458136313,-0.05503477409362904,-0.17160544007273157,-0.2041587944948744,0.08512402786177037,-0.06130715672940868,0.5840008850293061,-0.04687980056571316,0.012303420912978903,-0.053277106100124996,0.051900388702839625,0.45330284504357743,-0.0900005618386171,0.03548931426555848,0.12537885379799338,-0.013321942308501878,0.10535215025545823,1.7588539596744461,0.7675498620399469,0.14695633793691143,0.3435884445029693,-0.21198383173535726,-0.5324557588003962,-0.49338804928768915,-0.019996625202689768,2.873675592730707,-0.30596860374942786,-0.17095492894926945,0.5276847330577301,-1.031630093426805,0.5234823704769981,0.0026027059246210814,0.903551562603321,0.12406518628725437,-0.026896366232596704,-0.7071608971917688,-0.21360565635267148,-0.38817512611698984,-0.7805339808075288,-0.5702771668710711,-0.5531489895666934,-1.005172959898424,0.8010024903732531,0.3481366898953418,-0.3924970413370317,-0.0665598539968403,-0.21211123426685077,-0.7596574913341444,-0.7873090459741877,0.302823011060515,-0.24766982464372242,2.5210176083591063,-0.4349837077333243,0.11537533245852444,-0.5514224402007794,0.5319762549425012,4.998819480184954,-1.0478259467964535,0.42668955562660477,1.5217969041981076,-0.16259987180302202,1.3178411020910181,0,0,0,0,0,0,0,0,1,0
ORCL_2024-12-09,ORCL,Oracle Corporation,Q2,2025,2024-12-09,2024-12-09 22:00:00+00:00,,,,,,,561657.0,,,,,,5513,2215,3298,0.5982223834572827,10,9,10,125,9,67,0.02104117540359151,0.012153092690005442,1,0.4318890380781709,-0.1464950665793842,-0.21903286094350663,0.34545105898964207,0.20778539604448332,0.00040395401689242847,-0.23098535469674256,0.4544740284217234,-0.21361223660819312,-0.2121618012414017,0.09945413713904204,-0.2328022790016834,0.004112642776111898,0.0017359757795304815,-0.009819849588747423,-0.056423394067830875,0.04791916382155424,-0.1464449431219237,-0.16585971189393717,0.14345577370728302,-0.15294382258023542,,,,,,,0.37156136775996074,,,,,,-2.4056293656725996,-0.825898403620961,-2.749708215903495,-0.27062407781128894,-1.640678340188395,-0.5285849130524333,-1.103629224488802,-1.0986202556924773,-1.0347795771617727,-1.0785455865422575,0.045452403828245,0.8671982844864307,-0.204491998276982,-0.5831951863055577,-0.8586141354862329,1.2771205142729634,0.7949644604863181,-0.07336615749645474,-0.8954784050356077,1.817239225531949,-0.8927684422560065,-0.9020492908035305,0.9147783961152118,-2.2415542795462517,0.040577913256280025,0.009718193735371788,-0.10034551388247323,-0.6578496164831632,0.5761058008322599,-1.7889014739905797,-2.0519007567929974,1.7921161859035395,0,0,0,0,0,0,0,0,0,1
ORCL_2025-03-10,ORCL,Oracle Corporation,Q3,2025,2025-03-10,2025-03-10 21:00:00+00:00,,,,,,,1881297.0,,,,,,6627,2093,4534,0.6841708163573261,20,10,10,102,12,77,0.013580805794477138,0.011619133846385996,1,0.4250812967003321,-0.16206793025517185,-0.22173547109601321,0.35754195606559025,0.2147550295498637,0.0009696001176587404,-0.2703198498750629,0.4769830739632391,-0.2218492385964377,-0.2332777335996724,0.05976518100207157,-0.18064634740766738,0.006611778173247788,0.025456038791553417,-0.02216093491931712,-0.0226430799756636,-0.018167800732707153,-0.017353905571234236,-0.052490846601344315,0.006035979002544836,-0.15294382258023542,,,,,,,2.2735687581378023,,,,,,-1.5111582927365657,-0.9245102430010205,-1.0282331544340233,0.4345691645874917,-0.7441327991018404,-0.35000892891309776,-1.103629224488802,-1.4462848935698436,-0.6534111826304069,-0.5702771668710711,-1.242752546664549,0.6004435548392019,-0.3103112588877265,-0.6374994291222609,-0.8683563834817261,1.3225359646197405,0.8216707383983879,-0.07110931554296973,-1.0540819345386983,1.9095312615104736,-0.9276568294333432,-0.9928363250956361,0.5486934688916023,-1.7400242879612693,0.06635758763039286,0.2566660477710342,-0.23622576988331517,-0.2655138776137482,-0.2183097756598812,-0.21662747333097304,-0.6477377215675485,0.08165458811111333,0,0,0,0,0,0,0,0,0,1
ORCL_2025-06-11,ORCL,Oracle Corporation,Q4,2025,2025-06-11,2025-06-11 21:00:00+00:00,,,,,,,1709005.0,,,,,,6847,2157,4690,0.6849715203738864,17,10,10,127,16,63,0.01621147948006426,0.009201109975171607,1,0.408607807026257,-0.15882300492768658,-0.22077280624698106,0.34732606447019587,0.21508400900740632,0.0013081357463798255,-0.26972741801168626,0.4988906175525038,-0.25772678218609174,-0.22555831568539134,-0.00910768870003531,-0.016996730986606305,0.0037257450087534744,-0.0005019094584591687,0.03132508882662612,0.01305051272194867,0.01812877705786092,0.014899188210024138,0.00863459893838977,0.004490318539624772,-0.15294382258023542,,,,,,,2.0252429592055337,,,,,,-1.3345122998766665,-0.8727794420147598,-0.81095960298642,0.44113881388286114,-1.0130964614278068,-0.35000892891309776,-1.103629224488802,-1.0683885480509672,-0.1449199899219191,-1.2818529544107322,-0.7885060357726111,-0.607550865993065,-0.5663745257245126,-0.6261840271143564,-0.8648862123632179,1.2841633513566912,0.8229313235946846,-0.06975860984799172,-1.0516931461712447,1.9993570072273383,-1.0796186273683195,-0.959647022960728,-0.08657946208605595,-0.16637411552417944,0.0365868936140461,-0.013580267015744926,0.3526766162839136,0.14904331169222026,0.21800269480486614,0.17620150810157845,0.10934925215369903,0.06241578142586599,0,0,0,0,0,0,0,0,0,1
ORCL_2025-09-09,ORCL,Oracle Corporation,Q1,2026,2025-09-09,2025-09-09 21:00:00+00:00,,,,,,,1693454.0,,,,,,6660,2034,4626,0.6945945945945946,20,8,9,102,9,53,0.013963963963963964,0.007957957957957958,1,0.3981652062009459,-0.14019185834627054,-0.20577138646847065,0.3141602812303122,0.20014021696475034,-0.004632181920049485,-0.270157883195678,0.46643461071976094,-0.25065297687567545,-0.21460086839532042,0.008683986623875277,-0.07002003879486433,-0.00817292426668091,-0.023912368671510927,0.006854623460186472,0.05123273100764575,-0.06911422929916824,0.1950321929470968,0.25374377127104214,-0.19130277141508378,1.7588539596744461,,,,,,,2.0028291820179933,,,,,,-1.4846613938075808,-0.9721995751602296,-0.9000974702469752,0.5200946096149076,-0.7441327991018404,-0.7071608971917688,-1.5486410085568671,-1.4462848935698436,-1.0347795771617727,-1.7901213740819186,-1.1765914478697026,-1.2286037509202379,-0.7286938966960305,-0.5612152243960835,-0.8108097664388222,1.159587071161635,0.7656696235292135,-0.09345957429990524,-1.053428856702161,1.8662802428304663,-1.049657039543148,-0.9125359541242166,0.07752825955978393,-0.6762447727273314,-0.0861530826823564,-0.2573048583763264,0.08324706374567972,0.5925042215558665,-0.8307245944190389,2.3701449869242923,3.145220154591865,-2.37461712347848,0,0,0,0,0,0,0,0,0,1
ORCL_2025-12-10,ORCL,Oracle Corporation,Q2,2026,2025-12-10,2025-12-10 22:00:00+00:00,,,,,,,4239770.0,,,,,,7677,3683,3994,0.5202553080630454,17,7,12,138,8,47,0.016933698059137685,0.00612218314445747,1,0.42195872559160424,-0.10449624159702989,-0.17917948118082438,0.25870045720537593,0.13197170696454902,-0.0064878436467650765,-0.21633536011558968,0.3693306358652916,-0.18313219562743027,-0.16308489780760213,-0.19458600915073399,0.6280391706341663,-0.002264113424381361,-0.002539977668031923,-0.030225216419200965,0.010405765587419383,0.03488929955747732,-0.05724683903018261,-0.056430164584762535,0.04064735257432363,1.7588539596744461,,,,,,,5.6728542269070115,,,,,,-0.6680751449961386,0.3606768440013946,-1.7803339094449575,-0.9103315494013222,-1.0130964614278068,-0.8857368813311043,-0.21360565635267148,-0.9021141560226617,-1.1619023753388946,-2.0950824258846303,-0.6637983339231445,-2.1457186557864376,-0.35884837973160844,-0.4367407873369215,-0.714952457627693,0.951270610569486,0.5044611723944891,-0.10086338249491367,-0.8364070775090087,1.4681325948372599,-0.7636681370192748,-0.6910452754752864,-1.79740343058296,6.036273223421908,-0.02520111520301017,-0.03479844718993719,-0.32501671535654336,0.11832634386541982,0.41947692249329316,-0.7025064567028381,-0.6965292895349853,0.512461703407539,0,0,0,0,0,0,0,0,0,1
